  0
SECTION
  2
HEADER
  9
$ACADVER
  1
AC1015
  9
$ACADMAINTVER
 70
     6
  9
$DWGCODEPAGE
  3
ANSI_1252
  9
$INSBASE
 10
0.0
 20
0.0
 30
0.0
  9
$EXTMIN
 10
-23.1653281673
 20
0.0
 30
0.0
  9
$EXTMAX
 10
112.1653281673
 20
133.4
 30
0.0
  9
$LIMMIN
 10
0.0
 20
0.0
  9
$LIMMAX
 10
420.0
 20
297.0
  9
$ORTHOMODE
 70
     0
  9
$REGENMODE
 70
     1
  9
$FILLMODE
 70
     1
  9
$QTEXTMODE
 70
     0
  9
$MIRRTEXT
 70
     1
  9
$LTSCALE
 40
1.0
  9
$ATTMODE
 70
     1
  9
$TEXTSIZE
 40
3.5
  9
$TRACEWID
 40
1.0
  9
$TEXTSTYLE
  7
Standard
  9
$CLAYER
  8
0
  9
$CELTYPE
  6
ByLayer
  9
$CECOLOR
 62
   256
  9
$CELTSCALE
 40
1.0
  9
$DISPSILH
 70
     0
  9
$DIMSCALE
 40
1.0
  9
$DIMASZ
 40
3.302
  9
$DIMEXO
 40
0.0
  9
$DIMDLI
 40
3.75
  9
$DIMRND
 40
0.0
  9
$DIMDLE
 40
0.0
  9
$DIMEXE
 40
3.175
  9
$DIMTP
 40
0.0
  9
$DIMTM
 40
0.0
  9
$DIMTXT
 40
3.5
  9
$DIMCEN
 40
2.5
  9
$DIMTSZ
 40
0.0
  9
$DIMTOL
 70
     0
  9
$DIMLIM
 70
     0
  9
$DIMTIH
 70
     1
  9
$DIMTOH
 70
     1
  9
$DIMSE1
 70
     0
  9
$DIMSE2
 70
     0
  9
$DIMTAD
 70
     1
  9
$DIMZIN
 70
     1
  9
$DIMBLK
  1

  9
$DIMASO
 70
     1
  9
$DIMSHO
 70
     1
  9
$DIMPOST
  1

  9
$DIMAPOST
  1

  9
$DIMALT
 70
     0
  9
$DIMALTD
 70
     3
  9
$DIMALTF
 40
0.0393700787
  9
$DIMLFAC
 40
1.0
  9
$DIMTOFL
 70
     1
  9
$DIMTVP
 40
0.0
  9
$DIMTIX
 70
     0
  9
$DIMSOXD
 70
     0
  9
$DIMSAH
 70
     0
  9
$DIMBLK1
  1

  9
$DIMBLK2
  1

  9
$DIMSTYLE
  2
ISO-25
  9
$DIMCLRD
 70
     0
  9
$DIMCLRE
 70
     0
  9
$DIMCLRT
 70
     0
  9
$DIMTFAC
 40
1.0
  9
$DIMGAP
 40
1.524
  9
$DIMJUST
 70
     0
  9
$DIMSD1
 70
     0
  9
$DIMSD2
 70
     0
  9
$DIMTOLJ
 70
     0
  9
$DIMTZIN
 70
     1
  9
$DIMALTZ
 70
     0
  9
$DIMALTTZ
 70
     0
  9
$DIMUPT
 70
     0
  9
$DIMDEC
 70
     2
  9
$DIMTDEC
 70
     2
  9
$DIMALTU
 70
     2
  9
$DIMALTTD
 70
     3
  9
$DIMTXSTY
  7
Standard
  9
$DIMAUNIT
 70
     0
  9
$DIMADEC
 70
     2
  9
$DIMALTRND
 40
0.0
  9
$DIMAZIN
 70
     0
  9
$DIMDSEP
 70
    44
  9
$DIMATFIT
 70
     3
  9
$DIMFRAC
 70
     0
  9
$DIMLDRBLK
  1

  9
$DIMLUNIT
 70
     2
  9
$DIMLWD
 70
    -2
  9
$DIMLWE
 70
    -2
  9
$DIMTMOVE
 70
     0
  9
$LUNITS
 70
     2
  9
$LUPREC
 70
     2
  9
$SKETCHINC
 40
1.0
  9
$FILLETRAD
 40
0.0
  9
$AUNITS
 70
     0
  9
$AUPREC
 70
     2
  9
$MENU
  1
.
  9
$ELEVATION
 40
0.0
  9
$PELEVATION
 40
0.0
  9
$THICKNESS
 40
0.0
  9
$LIMCHECK
 70
     0
  9
$CHAMFERA
 40
0.0
  9
$CHAMFERB
 40
0.0
  9
$CHAMFERC
 40
0.0
  9
$CHAMFERD
 40
0.0
  9
$SKPOLY
 70
     0
  9
$TDCREATE
 40
2460994.639731771
  9
$TDUCREATE
 40
2460994.848065105
  9
$TDUPDATE
 40
2460994.639841007
  9
$TDUUPDATE
 40
2460994.84817434
  9
$TDINDWG
 40
0.0000000116
  9
$TDUSRTIMER
 40
0.0000000116
  9
$USRTIMER
 70
     1
  9
$ANGBASE
 50
0.0
  9
$ANGDIR
 70
     0
  9
$PDMODE
 70
     0
  9
$PDSIZE
 40
-1.0
  9
$PLINEWID
 40
0.0
  9
$SPLFRAME
 70
     0
  9
$SPLINETYPE
 70
     6
  9
$SPLINESEGS
 70
     8
  9
$HANDSEED
  5
4EF
  9
$SURFTAB1
 70
     6
  9
$SURFTAB2
 70
     6
  9
$SURFTYPE
 70
     6
  9
$SURFU
 70
     6
  9
$SURFV
 70
     6
  9
$UCSBASE
  2

  9
$UCSNAME
  2

  9
$UCSORG
 10
0.0
 20
0.0
 30
0.0
  9
$UCSXDIR
 10
1.0
 20
0.0
 30
0.0
  9
$UCSYDIR
 10
0.0
 20
1.0
 30
0.0
  9
$UCSORTHOREF
  2

  9
$UCSORTHOVIEW
 70
     0
  9
$UCSORGTOP
 10
0.0
 20
0.0
 30
0.0
  9
$UCSORGBOTTOM
 10
0.0
 20
0.0
 30
0.0
  9
$UCSORGLEFT
 10
0.0
 20
0.0
 30
0.0
  9
$UCSORGRIGHT
 10
0.0
 20
0.0
 30
0.0
  9
$UCSORGFRONT
 10
0.0
 20
0.0
 30
0.0
  9
$UCSORGBACK
 10
0.0
 20
0.0
 30
0.0
  9
$PUCSBASE
  2

  9
$PUCSNAME
  2

  9
$PUCSORG
 10
0.0
 20
0.0
 30
0.0
  9
$PUCSXDIR
 10
1.0
 20
0.0
 30
0.0
  9
$PUCSYDIR
 10
0.0
 20
1.0
 30
0.0
  9
$PUCSORTHOREF
  2

  9
$PUCSORTHOVIEW
 70
     0
  9
$PUCSORGTOP
 10
0.0
 20
0.0
 30
0.0
  9
$PUCSORGBOTTOM
 10
0.0
 20
0.0
 30
0.0
  9
$PUCSORGLEFT
 10
0.0
 20
0.0
 30
0.0
  9
$PUCSORGRIGHT
 10
0.0
 20
0.0
 30
0.0
  9
$PUCSORGFRONT
 10
0.0
 20
0.0
 30
0.0
  9
$PUCSORGBACK
 10
0.0
 20
0.0
 30
0.0
  9
$USERI1
 70
     0
  9
$USERI2
 70
     0
  9
$USERI3
 70
     0
  9
$USERI4
 70
     0
  9
$USERI5
 70
     0
  9
$USERR1
 40
0.0
  9
$USERR2
 40
0.0
  9
$USERR3
 40
0.0
  9
$USERR4
 40
0.0
  9
$USERR5
 40
0.0
  9
$WORLDVIEW
 70
     1
  9
$SHADEDGE
 70
     3
  9
$SHADEDIF
 70
    70
  9
$TILEMODE
 70
     1
  9
$MAXACTVP
 70
    64
  9
$PINSBASE
 10
0.0
 20
0.0
 30
0.0
  9
$PLIMCHECK
 70
     0
  9
$PEXTMIN
 10
-6.6653281673
 20
-23.1653281673
 30
0.0
  9
$PEXTMAX
 10
128.6653281673
 20
112.1653281673
 30
0.0
  9
$PLIMMIN
 10
-20.5453954836
 20
-28.3703534109
  9
$PLIMMAX
 10
185.5736041644
 20
117.3703534109
  9
$UNITMODE
 70
     0
  9
$VISRETAIN
 70
     1
  9
$PLINEGEN
 70
     0
  9
$PSLTSCALE
 70
     1
  9
$TREEDEPTH
 70
  3020
  9
$CMLSTYLE
  2
Standard
  9
$CMLJUST
 70
     0
  9
$CMLSCALE
 40
20.0
  9
$PROXYGRAPHICS
 70
     1
  9
$MEASUREMENT
 70
     1
  9
$CELWEIGHT
370
    -1
  9
$ENDCAPS
280
     0
  9
$JOINSTYLE
280
     0
  9
$LWDISPLAY
290
     1
  9
$INSUNITS
 70
     4
  9
$HYPERLINKBASE
  1

  9
$STYLESHEET
  1

  9
$XEDIT
290
     1
  9
$CEPSNTYPE
380
     0
  9
$PSTYLEMODE
290
     1
  9
$FINGERPRINTGUID
  2
{1edb7799-88bb-4de4-9a17-e3cd67ac5a0b}
  9
$VERSIONGUID
  2
{FAEB1C32-E019-11D5-929B-00C0DF256EC4}
  9
$EXTNAMES
290
     1
  9
$PSVPSCALE
 40
0.0
  9
$OLESTARTUP
290
     0
  0
ENDSEC
  0
SECTION
  2
CLASSES
  0
CLASS
  1
ACDBDICTIONARYWDFLT
  2
AcDbDictionaryWithDefault
  3
ObjectDBX Classes
 90
        0
280
     0
281
     0
  0
CLASS
  1
VISUALSTYLE
  2
AcDbVisualStyle
  3
ObjectDBX Classes
 90
     4095
280
     0
281
     0
  0
CLASS
  1
MATERIAL
  2
AcDbMaterial
  3
ObjectDBX Classes
 90
     1153
280
     0
281
     0
  0
CLASS
  1
SCALE
  2
AcDbScale
  3
ObjectDBX Classes
 90
     1153
280
     0
281
     0
  0
CLASS
  1
TABLESTYLE
  2
AcDbTableStyle
  3
ObjectDBX Classes
 90
     4095
280
     0
281
     0
  0
CLASS
  1
MLEADERSTYLE
  2
AcDbMLeaderStyle
  3
ACDB_MLEADERSTYLE_CLASS
 90
     4095
280
     0
281
     0
  0
CLASS
  1
SUN
  2
AcDbSun
  3
SCENEOE
 90
     1153
280
     0
281
     0
  0
CLASS
  1
ACDBPLACEHOLDER
  2
AcDbPlaceHolder
  3
ObjectDBX Classes
 90
        0
280
     0
281
     0
  0
CLASS
  1
LAYOUT
  2
AcDbLayout
  3
ObjectDBX Classes
 90
        0
280
     0
281
     0
  0
ENDSEC
  0
SECTION
  2
TABLES
  0
TABLE
  2
VPORT
  5
8
330
0
100
AcDbSymbolTable
 70
     1
  0
VPORT
  5
29
330
8
100
AcDbSymbolTableRecord
100
AcDbViewportTableRecord
  2
*Active
 70
     0
 10
0.0
 20
0.0
 11
1.0
 21
1.0
 12
44.5
 22
66.7
 13
0.0
 23
0.0
 14
10.0
 24
10.0
 15
10.0
 25
10.0
 16
0.0
 26
0.0
 36
1.0
 17
0.0
 27
0.0
 37
0.0
 40
136.068
 41
1.0144726862
 42
50.0
 43
0.0
 44
0.0
 50
0.0
 51
0.0
 71
     0
 72
   100
 73
     1
 74
     3
 75
     0
 76
     0
 77
     0
 78
     0
281
     0
 65
     1
110
0.0
120
0.0
130
0.0
111
1.0
121
0.0
131
0.0
112
0.0
122
1.0
132
0.0
 79
     0
146
0.0
  0
ENDTAB
  0
TABLE
  2
LTYPE
  5
5
330
0
100
AcDbSymbolTable
 70
     6
  0
LTYPE
  5
14
330
5
100
AcDbSymbolTableRecord
100
AcDbLinetypeTableRecord
  2
ByBlock
 70
     0
  3

 72
    65
 73
     0
 40
0.0
  0
LTYPE
  5
15
330
5
100
AcDbSymbolTableRecord
100
AcDbLinetypeTableRecord
  2
ByLayer
 70
     0
  3

 72
    65
 73
     0
 40
0.0
  0
LTYPE
  5
16
330
5
100
AcDbSymbolTableRecord
100
AcDbLinetypeTableRecord
  2
Continuous
 70
     0
  3
Solid line
 72
    65
 73
     0
 40
0.0
  0
LTYPE
  5
5E
330
5
100
AcDbSymbolTableRecord
100
AcDbLinetypeTableRecord
  2
HIDDEN
 70
     0
  3
Hidden __ __ __ __ __ __ __ __ __ __ __ __ __ __
 72
    65
 73
     2
 40
1.905
 49
1.27
 74
     0
 49
-0.635
 74
     0
  0
LTYPE
  5
5F
330
5
100
AcDbSymbolTableRecord
100
AcDbLinetypeTableRecord
  2
PHANTOM
 70
     0
  3
Phantom ______  __  __  ______  __  __  ______
 72
    65
 73
     6
 40
12.7
 49
6.35
 74
     0
 49
-1.27
 74
     0
 49
1.27
 74
     0
 49
-1.27
 74
     0
 49
1.27
 74
     0
 49
-1.27
 74
     0
  0
LTYPE
  5
60
330
5
100
AcDbSymbolTableRecord
100
AcDbLinetypeTableRecord
  2
CENTER
 70
     0
  3
Center ____ _ ____ _ ____ _ ____ _ ____ _ ____
 72
    65
 73
     4
 40
10.16
 49
6.35
 74
     0
 49
-1.27
 74
     0
 49
1.27
 74
     0
 49
-1.27
 74
     0
  0
LTYPE
  5
61
330
5
100
AcDbSymbolTableRecord
100
AcDbLinetypeTableRecord
  2
CENTERX2
 70
     0
  3
Center (2x) ________  __  ________  __  _____
 72
    65
 73
     4
 40
20.32
 49
12.7
 74
     0
 49
-2.54
 74
     0
 49
2.54
 74
     0
 49
-2.54
 74
     0
  0
LTYPE
  5
62
330
5
100
AcDbSymbolTableRecord
100
AcDbLinetypeTableRecord
  2
DOT2
 70
     0
  3
Dot (.5x) ........................................
 72
    65
 73
     2
 40
0.635
 49
0.0
 74
     0
 49
-0.635
 74
     0
  0
ENDTAB
  0
TABLE
  2
LAYER
  5
2
330
0
100
AcDbSymbolTable
 70
     1
  0
LAYER
  5
10
330
2
100
AcDbSymbolTableRecord
100
AcDbLayerTableRecord
  2
0
 70
     0
 62
     7
  6
Continuous
370
    -3
390
F
  0
ENDTAB
  0
TABLE
  2
STYLE
  5
3
330
0
100
AcDbSymbolTable
 70
     2
  0
STYLE
  5
11
330
3
100
AcDbSymbolTableRecord
100
AcDbTextStyleTableRecord
  2
Standard
 70
     0
 40
0.0
 41
1.0
 50
0.0
 71
     0
 42
3.5
  3
txt
  4

  0
STYLE
  5
4D9
330
3
100
AcDbSymbolTableRecord
100
AcDbTextStyleTableRecord
  2
SLDTEXTSTYLE0
 70
     0
 40
0.0
 41
0.7
 50
0.0
 71
     0
 42
3.5
  3
TXT
  4

  0
ENDTAB
  0
TABLE
  2
VIEW
  5
6
330
0
100
AcDbSymbolTable
 70
     0
  0
ENDTAB
  0
TABLE
  2
UCS
  5
7
330
0
100
AcDbSymbolTable
 70
     0
  0
ENDTAB
  0
TABLE
  2
APPID
  5
9
330
0
100
AcDbSymbolTable
 70
     1
  0
APPID
  5
12
330
9
100
AcDbSymbolTableRecord
100
AcDbRegAppTableRecord
  2
ACAD
 70
     0
  0
ENDTAB
  0
TABLE
  2
DIMSTYLE
  5
A
330
0
100
AcDbSymbolTable
 70
     1
100
AcDbDimStyleTable
  0
DIMSTYLE
105
27
330
A
100
AcDbSymbolTableRecord
100
AcDbDimStyleTableRecord
  2
ISO-25
 70
     0
 41
2.5
 42
0.625
 43
3.75
 44
1.25
 73
     0
 74
     0
 77
     1
 78
     8
140
2.5
141
2.5
143
0.0393700787
147
0.625
171
     3
172
     1
178
     0
271
     2
272
     2
274
     3
278
    44
283
     0
284
     8
340
11
  0
ENDTAB
  0
TABLE
  2
BLOCK_RECORD
  5
1
330
0
100
AcDbSymbolTable
 70
     8
  0
BLOCK_RECORD
  5
1F
330
1
100
AcDbSymbolTableRecord
100
AcDbBlockTableRecord
  2
*Model_Space
340
22
  0
BLOCK_RECORD
  5
1B
330
1
100
AcDbSymbolTableRecord
100
AcDbBlockTableRecord
  2
*Paper_Space
340
1E
  0
BLOCK_RECORD
  5
23
330
1
100
AcDbSymbolTableRecord
100
AcDbBlockTableRecord
  2
*Paper_Space0
340
26
  0
BLOCK_RECORD
  5
142
330
1
100
AcDbSymbolTableRecord
100
AcDbBlockTableRecord
  2
*Paper_Space1
340
143
  0
BLOCK_RECORD
  5
198
330
1
100
AcDbSymbolTableRecord
100
AcDbBlockTableRecord
  2
*Paper_Space2
340
199
  0
BLOCK_RECORD
  5
1EE
330
1
100
AcDbSymbolTableRecord
100
AcDbBlockTableRecord
  2
*Paper_Space3
340
1EF
  0
BLOCK_RECORD
  5
234
330
1
100
AcDbSymbolTableRecord
100
AcDbBlockTableRecord
  2
*Paper_Space4
340
235
  0
BLOCK_RECORD
  5
29A
330
1
100
AcDbSymbolTableRecord
100
AcDbBlockTableRecord
  2
*Paper_Space5
340
29B
  0
BLOCK_RECORD
  5
361
330
1
100
AcDbSymbolTableRecord
100
AcDbBlockTableRecord
  2
*Paper_Space6
340
362
  0
BLOCK_RECORD
  5
414
330
1
100
AcDbSymbolTableRecord
100
AcDbBlockTableRecord
  2
*Paper_Space7
340
415
  0
ENDTAB
  0
ENDSEC
  0
SECTION
  2
BLOCKS
  0
BLOCK
  5
20
330
1F
100
AcDbEntity
  8
0
100
AcDbBlockBegin
  2
*Model_Space
 70
     0
 10
0.0
 20
0.0
 30
0.0
  3
*Model_Space
  1

  0
ENDBLK
  5
21
330
1F
100
AcDbEntity
  8
0
100
AcDbBlockEnd
  0
BLOCK
  5
1C
330
1B
100
AcDbEntity
 67
     1
  8
0
100
AcDbBlockBegin
  2
*Paper_Space
 70
     0
 10
0.0
 20
0.0
 30
0.0
  3
*Paper_Space
  1

  0
ENDBLK
  5
1D
330
1B
100
AcDbEntity
 67
     1
  8
0
100
AcDbBlockEnd
  0
BLOCK
  5
24
330
23
100
AcDbEntity
  8
0
100
AcDbBlockBegin
  2
*Paper_Space0
 70
     0
 10
0.0
 20
0.0
 30
0.0
  3
*Paper_Space0
  1

  0
LWPOLYLINE
  5
10B
330
23
100
AcDbEntity
  8
0
  6
Continuous
 62
     7
370
    25
100
AcDbPolyline
 90
        4
 70
   128
 43
0.0
 10
-0.5450627069
 20
133.4
 10
0.0739919277
 20
131.498218978
 10
0.1010042022
 20
131.4152367824
 10
0.7570145407
 20
129.4
  0
SPLINE
  5
10D
330
23
100
AcDbEntity
  8
0
  6
Continuous
 62
     7
370
    25
100
AcDbSpline
210
0.0
220
0.0
230
1.0
 70
     8
 71
     3
 72
    23
 73
    19
 74
     0
 42
0.00000001
 43
0.00000001
 40
0.0
 40
0.0
 40
0.0
 40
0.0
 40
0.0078639738415949
 40
0.0280092712389063
 40
0.0435311446487844
 40
0.0594724596888567
 40
0.089135516205735
 40
0.1194756775736149
 40
0.1684046428685172
 40
0.2178344243822952
 40
0.2666878637839089
 40
0.3156622902953048
 40
0.4133835327534517
 40
0.511420602792923
 40
0.6091065629107383
 40
0.7069153437878349
 40
0.8533426581420004
 40
1.0
 40
1.0
 40
1.0
 40
1.0
 10
119.6435099341329
 20
105.645517278134
 30
0.0
 10
119.649518821181
 20
105.6607561116686
 30
0.0
 10
119.6709207930805
 20
105.715032566605
 30
0.0
 10
119.5473712679825
 20
105.4017139621031
 30
0.0
 10
119.3561549067162
 20
104.9164448389361
 30
0.0
 10
119.0631983762539
 20
104.1724288830617
 30
0.0
 10
118.6352922551836
 20
103.0842705086463
 30
0.0
 10
117.9584702147973
 20
101.3595364201413
 30
0.0
 10
117.1045714320306
 20
99.1770756695724
 30
0.0
 10
116.0932917172865
 20
96.58170823456858
 30
0.0
 10
115.0627674282978
 20
93.92532733901179
 30
0.0
 10
113.6806202564155
 20
90.34604863457491
 30
0.0
 10
111.9370967627926
 20
85.79791597300816
 30
0.0
 10
109.8462025450392
 20
80.28422698278519
 30
0.0
 10
107.7639247046286
 20
74.72819379854013
 30
0.0
 10
105.3584750124483
 20
68.22239974711266
 30
0.0
 10
102.6394225375028
 20
60.74966815465061
 30
0.0
 10
100.6572115368137
 20
55.11875005000376
 30
0.0
 10
99.66532816727864
 20
52.30108128453355
 30
0.0
  0
SPLINE
  5
10E
330
23
100
AcDbEntity
  8
0
  6
Continuous
 62
     7
370
    25
100
AcDbSpline
210
0.0
220
0.0
230
1.0
 70
     8
 71
     3
 72
    10
 73
     6
 74
     0
 42
0.00000001
 43
0.00000001
 40
0.0
 40
0.0
 40
0.0
 40
0.0
 40
0.5
 40
0.5
 40
1.0
 40
1.0
 40
1.0
 40
1.0
 10
99.66532816727863
 20
52.30108128453355
 30
0.0
 10
98.56932059145444
 20
49.16116259581548
 30
0.0
 10
97.51558606653099
 20
46.01697715659998
 30
0.0
 10
95.49254038752693
 20
39.71721594381216
 30
0.0
 10
94.52324074663284
 20
36.56164595369069
 30
0.0
 10
93.59654013805705
 20
33.4
 30
0.0
  0
LWPOLYLINE
  5
123
330
23
100
AcDbEntity
  8
0
  6
Continuous
 62
     7
370
    25
100
AcDbPolyline
 90
        3
 70
   128
 43
0.0
 10
-0.2928010568
 20
129.4
 10
-0.8482482054
 20
131.1062197881
 10
-1.5949429405
 20
133.4
  0
SPLINE
  5
124
330
23
100
AcDbEntity
  8
0
  6
Continuous
 62
     7
370
    25
100
AcDbSpline
210
0.0
220
0.0
230
1.0
 70
    24
 71
     3
 72
    12
 73
     8
 74
     0
 42
0.00000001
 43
0.00000001
 40
0.0
 40
0.0
 40
0.0
 40
0.0
 40
0.2500000000000023
 40
0.2500000000000023
 40
0.5000000000000046
 40
0.5000000000000046
 40
1.0
 40
1.0
 40
1.0
 40
1.0
 10
0.7570145407348252
 20
129.4
 30
0.0
 10
0.7488962967046459
 20
129.4
 30
0.0
 10
0.7141924714299184
 20
129.4
 30
0.0
 10
0.5979828768582773
 20
129.4
 30
0.0
 10
0.5166207593347085
 20
129.4000000000001
 30
0.0
 10
0.225806716113254
 20
129.4
 30
0.0
 10
-0.0320787587719806
 20
129.4
 30
0.0
 10
-0.2928010568466338
 20
129.4
 30
0.0
  0
SPLINE
  5
125
330
23
100
AcDbEntity
  8
0
  6
Continuous
 62
     7
370
    25
100
AcDbSpline
210
0.0
220
0.0
230
1.0
 70
    24
 71
     3
 72
    14
 73
    10
 74
     0
 42
0.00000001
 43
0.00000001
 40
0.0
 40
0.0
 40
0.0
 40
0.0
 40
0.25
 40
0.25
 40
0.5
 40
0.5
 40
0.75
 40
0.75
 40
1.0
 40
1.0
 40
1.0
 40
1.0
 10
-1.594942940462765
 20
133.4
 30
0.0
 10
-1.464335545361711
 20
133.4
 30
0.0
 10
-1.336807741008812
 20
133.4
 30
0.0
 10
-1.092412401315648
 20
133.4
 30
0.0
 10
-0.9802604666602557
 20
133.4
 30
0.0
 10
-0.7847729555398586
 20
133.4
 30
0.0
 10
-0.7040648160074464
 20
133.4
 30
0.0
 10
-0.5878244533808613
 20
133.4
 30
0.0
 10
-0.5530367907687905
 20
133.4
 30
0.0
 10
-0.5450627069076286
 20
133.4
 30
0.0
  0
LINE
  5
12C
330
23
100
AcDbEntity
  8
0
  6
Continuous
 62
     7
370
    25
100
AcDbLine
 10
0.6343506177
 20
129.4
 30
0.0
 11
31.826641456
 21
33.4
 31
0.0
  0
LINE
  5
12D
330
23
100
AcDbEntity
  8
0
  6
Continuous
 62
     7
370
    25
100
AcDbLine
 10
119.6469833716
 20
105.6443886899
 30
0.0
 11
128.6653281673
 21
133.4
 31
0.0
  0
LINE
  5
12E
330
23
100
AcDbEntity
  8
0
  6
Continuous
 62
     7
370
    25
100
AcDbLine
 10
31.826641456
 20
33.4
 30
0.0
 11
31.826641456
 21
2.4
 31
0.0
  0
LINE
  5
12F
330
23
100
AcDbEntity
  8
0
  6
Continuous
 62
     7
370
    25
100
AcDbLine
 10
128.6653281673
 20
133.4
 30
0.0
 11
-0.5450627069
 21
133.4
 31
0.0
  0
LINE
  5
130
330
23
100
AcDbEntity
  8
0
  6
Continuous
 62
     7
370
    25
100
AcDbLine
 10
31.826641456
 20
33.4
 30
0.0
 11
93.5965401381
 21
33.4
 31
0.0
  0
LINE
  5
131
330
23
100
AcDbEntity
  8
0
  6
Continuous
 62
     7
370
    25
100
AcDbLine
 10
128.0
 20
2.4
 30
0.0
 11
128.0
 21
0.0
 31
0.0
  0
LINE
  5
132
330
23
100
AcDbEntity
  8
0
  6
Continuous
 62
     7
370
    25
100
AcDbLine
 10
0.0
 20
0.0
 30
0.0
 11
128.0
 21
0.0
 31
0.0
  0
LINE
  5
133
330
23
100
AcDbEntity
  8
0
  6
Continuous
 62
     7
370
    25
100
AcDbLine
 10
108.0
 20
0.0
 30
0.0
 11
108.0
 21
2.4
 31
0.0
  0
LINE
  5
134
330
23
100
AcDbEntity
  8
0
  6
Continuous
 62
     7
370
    25
100
AcDbLine
 10
0.0
 20
2.4
 30
0.0
 11
128.0
 21
2.4
 31
0.0
  0
LINE
  5
135
330
23
100
AcDbEntity
  8
0
  6
Continuous
 62
     7
370
    25
100
AcDbLine
 10
20.0
 20
2.4
 30
0.0
 11
20.0
 21
0.0
 31
0.0
  0
LINE
  5
136
330
23
100
AcDbEntity
  8
0
  6
Continuous
 62
     7
370
    25
100
AcDbLine
 10
0.0
 20
0.0
 30
0.0
 11
0.0
 21
2.4
 31
0.0
  0
LINE
  5
137
330
23
100
AcDbEntity
  8
0
  6
Continuous
 62
     7
370
    25
100
AcDbLine
 10
91.7680121723
 20
2.4
 30
0.0
 11
91.7680121723
 21
31.9
 31
0.0
  0
LINE
  5
138
330
23
100
AcDbEntity
  8
0
  6
Continuous
 62
     7
370
    25
100
AcDbLine
 10
93.5965401381
 20
31.9
 30
0.0
 11
93.5965401381
 21
33.4
 31
0.0
  0
LINE
  5
139
330
23
100
AcDbEntity
  8
0
  6
Continuous
 62
     7
370
    25
100
AcDbLine
 10
91.7680121723
 20
31.9
 30
0.0
 11
93.5965401381
 21
31.9
 31
0.0
  0
LINE
  5
13A
330
23
100
AcDbEntity
  8
0
  6
Continuous
 62
     7
370
    25
100
AcDbLine
 10
124.18
 20
2.4
 30
0.0
 11
124.18
 21
11.4
 31
0.0
  0
LINE
  5
13B
330
23
100
AcDbEntity
  8
0
  6
Continuous
 62
     7
370
    25
100
AcDbLine
 10
126.18
 20
6.4
 30
0.0
 11
124.18
 21
6.4
 31
0.0
  0
LINE
  5
13C
330
23
100
AcDbEntity
  8
0
  6
Continuous
 62
     7
370
    25
100
AcDbLine
 10
126.18
 20
11.4
 30
0.0
 11
126.18
 21
2.4
 31
0.0
  0
LINE
  5
13D
330
23
100
AcDbEntity
  8
0
  6
Continuous
 62
     7
370
    25
100
AcDbLine
 10
124.18
 20
11.4
 30
0.0
 11
126.18
 21
11.4
 31
0.0
  0
LINE
  5
13E
330
23
100
AcDbEntity
  8
0
  6
Continuous
 62
     7
370
    25
100
AcDbLine
 10
-6.6653281673
 20
129.4
 30
0.0
 11
-6.6653281673
 21
133.4
 31
0.0
  0
LINE
  5
13F
330
23
100
AcDbEntity
  8
0
  6
Continuous
 62
     7
370
    25
100
AcDbLine
 10
-5.6653281673
 20
133.4
 30
0.0
 11
-5.6653281673
 21
129.4
 31
0.0
  0
LINE
  5
140
330
23
100
AcDbEntity
  8
0
  6
Continuous
 62
     7
370
    25
100
AcDbLine
 10
-0.2928010568
 20
129.4
 30
0.0
 11
-6.6653281673
 21
129.4
 31
0.0
  0
LINE
  5
141
330
23
100
AcDbEntity
  8
0
  6
Continuous
 62
     7
370
    25
100
AcDbLine
 10
-1.5949429405
 20
133.4
 30
0.0
 11
-6.6653281673
 21
133.4
 31
0.0
  0
VIEWPORT
  5
4C9
330
23
100
AcDbEntity
  8
0
100
AcDbViewport
 10
0.0
 20
0.0
 30
0.0
 40
205.6
 41
156.0
 68
     1
 69
     1
 12
44.5
 22
66.7
 13
0.0
 23
0.0
 14
10.0
 24
10.0
 15
10.0
 25
10.0
 16
0.0
 26
0.0
 36
1.0
 17
0.0
 27
0.0
 37
0.0
 42
50.0
 43
0.0
 44
0.0
 45
136.068
 50
0.0
 51
0.0
 72
   100
 90
   557152
  1

281
     0
 71
     1
 74
     0
110
0.0
120
0.0
130
0.0
111
1.0
121
0.0
131
0.0
112
0.0
122
1.0
132
0.0
 79
     0
146
0.0
  0
MTEXT
  5
4DE
330
23
100
AcDbEntity
  8
0
  6
Continuous
 62
     7
100
AcDbMText
 10
-6.6653281673
 20
-1.0195663917
 30
0.0
 40
4.83362
 41
0.0
 71
     1
 72
     1
  1
SOLIDWORKS Educational Product.
  7
SLDTEXTSTYLE0
 73
     1
 44
1.0
  0
MTEXT
  5
4DF
330
23
100
AcDbEntity
  8
0
  6
Continuous
 62
     7
100
AcDbMText
 10
-6.6653281673
 20
-8.2699963917
 30
0.0
 40
4.83362
 41
0.0
 71
     1
 72
     1
  1
For Instructional Use Only.
  7
SLDTEXTSTYLE0
 73
     1
 44
1.0
  0
ENDBLK
  5
25
330
23
100
AcDbEntity
  8
0
100
AcDbBlockEnd
  0
BLOCK
  5
144
330
142
100
AcDbEntity
  8
0
100
AcDbBlockBegin
  2
*Paper_Space1
 70
     0
 10
0.0
 20
0.0
 30
0.0
  3
*Paper_Space1
  1

  0
LWPOLYLINE
  5
14B
330
142
100
AcDbEntity
  8
0
  6
Continuous
 62
     7
370
    25
100
AcDbPolyline
 90
        4
 70
   128
 43
0.0
 10
104.7429854593
 20
129.4
 10
105.3620614694
 20
131.3017740605
 10
105.3989957986
 20
131.4152367849
 10
106.0450627069
 20
133.4
  0
SPLINE
  5
14C
330
142
100
AcDbEntity
  8
0
  6
Continuous
 62
     7
370
    25
100
AcDbSpline
210
0.0
220
0.0
230
1.0
 70
     8
 71
     3
 72
    62
 73
    58
 74
     0
 42
0.00000001
 43
0.00000001
 40
0.0
 40
0.0
 40
0.0
 40
0.0
 40
0.1249999999999998
 40
0.1249999999999998
 40
0.1874999999999998
 40
0.1874999999999998
 40
0.2499999999999997
 40
0.2499999999999997
 40
0.3124999999999997
 40
0.3124999999999997
 40
0.3437499999999997
 40
0.3437499999999997
 40
0.3749999999999998
 40
0.3749999999999998
 40
0.4062499999999999
 40
0.4062499999999999
 40
0.4374999999999999
 40
0.4374999999999999
 40
0.4531250000000001
 40
0.4531250000000001
 40
0.4687500000000002
 40
0.4687500000000002
 40
0.4765625000000002
 40
0.4765625000000002
 40
0.4843750000000002
 40
0.4843750000000002
 40
0.4921875000000002
 40
0.4921875000000002
 40
0.5000000000000002
 40
0.5000000000000002
 40
0.5078125000000002
 40
0.5078125000000002
 40
0.5156250000000002
 40
0.5156250000000002
 40
0.5234375000000002
 40
0.5234375000000002
 40
0.5312500000000002
 40
0.5312500000000002
 40
0.5468750000000001
 40
0.5468750000000001
 40
0.5625000000000001
 40
0.5625000000000001
 40
0.59375
 40
0.59375
 40
0.6249999999999998
 40
0.6249999999999998
 40
0.6562499999999997
 40
0.6562499999999997
 40
0.6874999999999994
 40
0.6874999999999994
 40
0.7499999999999996
 40
0.7499999999999996
 40
0.8124999999999998
 40
0.8124999999999998
 40
0.8749999999999999
 40
0.8749999999999999
 40
1.0
 40
1.0
 40
1.0
 40
1.0
 10
55.49999999999999
 20
52.30108128453357
 30
0.0
 10
55.5
 20
57.1101653610663
 30
0.0
 10
55.35441905278043
 20
61.90573221219565
 30
0.0
 10
54.86842356066232
 20
69.06721170663701
 30
0.0
 10
54.66136095478507
 20
71.44984758340317
 30
0.0
 10
54.14096321731319
 20
76.19827029324135
 30
0.0
 10
53.82777323384497
 20
78.56544557376745
 30
0.0
 10
53.06735286209453
 20
83.27670768724185
 30
0.0
 10
52.62133157653357
 20
85.61891778784756
 30
0.0
 10
51.81187447124999
 20
89.10544175157168
 30
0.0
 10
51.51840280262643
 20
90.26288076266843
 30
0.0
 10
50.87290944290659
 20
92.56034929735445
 30
0.0
 10
50.52096672936348
 20
93.70109325998382
 30
0.0
 10
49.737446986565
 20
95.96121003665814
 30
0.0
 10
49.30691601810167
 20
97.0788484231891
 30
0.0
 10
48.33427773890534
 20
99.26548557759808
 30
0.0
 10
47.79343062028811
 20
100.3377670738422
 30
0.0
 10
46.83382649487864
 20
101.8823190915524
 30
0.0
 10
46.49099537253778
 20
102.3826471051298
 30
0.0
 10
45.73696868017388
 20
103.340185928132
 30
0.0
 10
45.32465118686429
 20
103.7986225287746
 30
0.0
 10
44.64199865816552
 20
104.4132028809074
 30
0.0
 10
44.40312172605332
 20
104.6064414253094
 30
0.0
 10
43.89491002417628
 20
104.9616847172257
 30
0.0
 10
43.62254803269314
 20
105.125127122427
 30
0.0
 10
43.05352968215661
 20
105.3982964494497
 30
0.0
 10
42.75704214559325
 20
105.5086714286818
 30
0.0
 10
42.13307924533986
 20
105.6616324858623
 30
0.0
 10
41.81579561438534
 20
105.7010519532062
 30
0.0
 10
41.17923617893823
 20
105.7006427808895
 30
0.0
 10
40.85516347897541
 20
105.6594443468952
 30
0.0
 10
40.23723264199194
 20
105.5065539137368
 30
0.0
 10
39.93668596484913
 20
105.3943488240745
 30
0.0
 10
39.36710213600796
 20
105.1193819341306
 30
0.0
 10
39.09982141175928
 20
104.9583886380738
 30
0.0
 10
38.5909477302384
 20
104.6019006508739
 30
0.0
 10
38.34832308713381
 20
104.4052486104812
 30
0.0
 10
37.65900393142014
 20
103.7823292025761
 30
0.0
 10
37.25293514916528
 20
103.3282694784388
 30
0.0
 10
36.50342785689026
 20
102.3746413644233
 30
0.0
 10
36.15999815591081
 20
101.8729764957062
 30
0.0
 10
35.20247821987459
 20
100.3299723989671
 30
0.0
 10
34.66243146796467
 20
99.25881775509671
 30
0.0
 10
33.68938341293862
 20
97.06979334590733
 30
0.0
 10
33.25831075452265
 20
95.94979606953356
 30
0.0
 10
32.47563853715214
 20
93.69046972553093
 30
0.0
 10
32.12369823894603
 20
92.5491065298842
 30
0.0
 10
31.4778838142297
 20
90.24882340786363
 30
0.0
 10
31.18487271777837
 20
89.0921833377423
 30
0.0
 10
30.37662755666075
 20
85.60861086683009
 30
0.0
 10
29.93092048084253
 20
83.2671824673241
 30
0.0
 10
29.17084830433798
 20
78.55572791358827
 30
0.0
 10
28.85790337767796
 20
76.18911905207395
 30
0.0
 10
28.33789677813688
 20
71.44187976010274
 30
0.0
 10
28.13094582767122
 20
69.05930249043118
 30
0.0
 10
27.64534159310158
 20
61.89943217867577
 30
0.0
 10
27.49999999999999
 20
57.10945829844397
 30
0.0
 10
27.5
 20
52.30108128453357
 30
0.0
  0
SPLINE
  5
14D
330
142
100
AcDbEntity
  8
0
  6
Continuous
 62
     7
370
    25
100
AcDbSpline
210
0.0
220
0.0
230
1.0
 70
     8
 71
     3
 72
    10
 73
     6
 74
     0
 42
0.00000001
 43
0.00000001
 40
0.0
 40
0.0
 40
0.0
 40
0.0
 40
0.5
 40
0.5
 40
1.0
 40
1.0
 40
1.0
 40
1.0
 10
27.5
 20
52.30108128453355
 30
0.0
 10
27.49999999999999
 20
49.16116259581548
 30
0.0
 10
27.62712142961199
 20
46.01697715659998
 30
0.0
 10
28.09604561804192
 20
39.71721594381216
 30
0.0
 10
28.43797787178578
 20
36.56164595369069
 30
0.0
 10
28.88374810586056
 20
33.4
 30
0.0
  0
SPLINE
  5
150
330
142
100
AcDbEntity
  8
0
  6
Continuous
 62
     7
370
    25
100
AcDbSpline
210
0.0
220
0.0
230
1.0
 70
     8
 71
     3
 72
    10
 73
     6
 74
     0
 42
0.00000001
 43
0.00000001
 40
0.0
 40
0.0
 40
0.0
 40
0.0
 40
0.5
 40
0.5
 40
1.0
 40
1.0
 40
1.0
 40
1.0
 10
54.11625189413943
 20
33.4
 30
0.0
 10
54.56202212821422
 20
36.56164595369069
 30
0.0
 10
54.90395438195807
 20
39.71721594381219
 30
0.0
 10
55.372878570388
 20
46.01697715660001
 30
0.0
 10
55.5
 20
49.1611625958155
 30
0.0
 10
55.49999999999999
 20
52.30108128453357
 30
0.0
  0
CIRCLE
  5
15B
330
142
100
AcDbEntity
  8
0
  6
Continuous
 62
     7
370
    25
100
AcDbCircle
 10
41.5
 20
6.9
 30
0.0
 40
1.575000000000003
  0
SPLINE
  5
161
330
142
100
AcDbEntity
  8
0
  6
Continuous
 62
     7
370
    25
100
AcDbSpline
210
0.0
220
0.0
230
1.0
 70
     8
 71
     3
 72
    11
 73
     7
 74
     0
 42
0.00000001
 43
0.00000001
 40
0.0
 40
0.0
 40
0.0
 40
0.0
 40
0.1365456158321594
 40
0.4223579696020417
 40
0.711184032335036
 40
1.0
 40
1.0
 40
1.0
 40
1.0
 10
55.40215349270736
 20
57.08705310546699
 30
0.0
 10
55.38041881330321
 20
56.01298000497822
 30
0.0
 10
55.31318988759122
 20
52.69069586453231
 30
0.0
 10
54.80822928360899
 20
47.06865933520019
 30
0.0
 10
53.9771077039558
 20
40.23835752697811
 30
0.0
 10
53.12458104608049
 20
35.67942595118124
 30
0.0
 10
52.69832516666533
 20
33.4
 30
0.0
  0
SPLINE
  5
162
330
142
100
AcDbEntity
  8
0
  6
Continuous
 62
     7
370
    25
100
AcDbSpline
210
0.0
220
0.0
230
1.0
 70
     8
 71
     3
 72
    11
 73
     7
 74
     0
 42
0.00000001
 43
0.00000001
 40
0.0
 40
0.0
 40
0.0
 40
0.0
 40
0.2831889311529757
 40
0.5663876490631579
 40
0.8525026876956108
 40
1.0
 40
1.0
 40
1.0
 40
1.0
 10
30.30167483333465
 20
33.4
 30
0.0
 10
29.87956000120503
 20
35.65588506502083
 30
0.0
 10
29.0353157490332
 20
40.16773315644088
 30
0.0
 10
28.20081877732019
 20
46.97446019561986
 30
0.0
 10
27.68516676899766
 20
52.69404689722295
 30
0.0
 10
27.61611174049288
 20
56.13674320910803
 30
0.0
 10
27.59262202419778
 20
57.30780868264948
 30
0.0
  0
LWPOLYLINE
  5
16F
330
142
100
AcDbEntity
  8
0
  6
Continuous
 62
     7
370
    25
100
AcDbPolyline
 90
        3
 70
   128
 43
0.0
 10
107.0949429405
 20
133.4
 10
106.3482482062
 20
131.1062197905
 10
105.7928010568
 20
129.4
  0
SPLINE
  5
170
330
142
100
AcDbEntity
  8
0
  6
Continuous
 62
     7
370
    25
100
AcDbSpline
210
0.0
220
0.0
230
1.0
 70
    24
 71
     3
 72
    14
 73
    10
 74
     0
 42
0.00000001
 43
0.00000001
 40
0.0
 40
0.0
 40
0.0
 40
0.0
 40
0.25
 40
0.25
 40
0.5
 40
0.5
 40
0.75
 40
0.75
 40
1.0
 40
1.0
 40
1.0
 40
1.0
 10
105.7928010568466
 20
129.4
 30
0.0
 10
105.6622911552242
 20
129.4
 30
0.0
 10
105.5348656290046
 20
129.4
 30
0.0
 10
105.2906176793815
 20
129.4
 30
0.0
 10
105.1785386797874
 20
129.4
 30
0.0
 10
104.9830836774128
 20
129.4
 30
0.0
 10
104.9023756160537
 20
129.4
 30
0.0
 10
104.7860030132163
 20
129.4
 30
0.0
 10
104.751114607619
 20
129.4
 30
0.0
 10
104.7429854592652
 20
129.4
 30
0.0
  0
SPLINE
  5
171
330
142
100
AcDbEntity
  8
0
  6
Continuous
 62
     7
370
    25
100
AcDbSpline
210
0.0
220
0.0
230
1.0
 70
    24
 71
     3
 72
    12
 73
     8
 74
     0
 42
0.00000001
 43
0.00000001
 40
0.0
 40
0.0
 40
0.0
 40
0.0
 40
0.2499999999999949
 40
0.2499999999999949
 40
0.4999999999999899
 40
0.4999999999999899
 40
1.0
 40
1.0
 40
1.0
 40
1.0
 10
106.0450627069077
 20
133.4
 30
0.0
 10
106.0530261411213
 20
133.4
 30
0.0
 10
106.0876238534447
 20
133.4
 30
0.0
 10
106.2037079707865
 20
133.4
 30
0.0
 10
106.2850607773108
 20
133.4
 30
0.0
 10
106.5759396965645
 20
133.4
 30
0.0
 10
106.834024308618
 20
133.4
 30
0.0
 10
107.0949429404628
 20
133.4
 30
0.0
  0
LINE
  5
178
330
142
100
AcDbEntity
  8
0
  6
Continuous
 62
     7
370
    25
100
AcDbLine
 10
-23.1653281673
 20
133.4
 30
0.0
 11
9.326641456
 21
33.4
 31
0.0
  0
LINE
  5
179
330
142
100
AcDbEntity
  8
0
  6
Continuous
 62
     7
370
    25
100
AcDbLine
 10
73.673358544
 20
33.4
 30
0.0
 11
104.8656493823
 21
129.4
 31
0.0
  0
LINE
  5
17A
330
142
100
AcDbEntity
  8
0
  6
Continuous
 62
     7
370
    25
100
AcDbLine
 10
73.673358544
 20
2.4
 30
0.0
 11
73.673358544
 21
33.4
 31
0.0
  0
LINE
  5
17B
330
142
100
AcDbEntity
  8
0
  6
Continuous
 62
     7
370
    25
100
AcDbLine
 10
9.326641456
 20
33.4
 30
0.0
 11
9.326641456
 21
2.4
 31
0.0
  0
LINE
  5
17C
330
142
100
AcDbEntity
  8
0
  6
Continuous
 62
     7
370
    25
100
AcDbLine
 10
106.0450627069
 20
133.4
 30
0.0
 11
-23.1653281673
 21
133.4
 31
0.0
  0
LINE
  5
17D
330
142
100
AcDbEntity
  8
0
  6
Continuous
 62
     7
370
    25
100
AcDbLine
 10
54.1162518941
 20
33.4
 30
0.0
 11
73.673358544
 21
33.4
 31
0.0
  0
LINE
  5
17E
330
142
100
AcDbEntity
  8
0
  6
Continuous
 62
     7
370
    25
100
AcDbLine
 10
9.326641456
 20
33.4
 30
0.0
 11
28.8837481059
 21
33.4
 31
0.0
  0
LINE
  5
17F
330
142
100
AcDbEntity
  8
0
  6
Continuous
 62
     7
370
    25
100
AcDbLine
 10
83.0
 20
2.4
 30
0.0
 11
83.0
 21
0.0
 31
0.0
  0
LINE
  5
180
330
142
100
AcDbEntity
  8
0
  6
Continuous
 62
     7
370
    25
100
AcDbLine
 10
63.0
 20
0.0
 30
0.0
 11
63.0
 21
2.4
 31
0.0
  0
LINE
  5
181
330
142
100
AcDbEntity
  8
0
  6
Continuous
 62
     7
370
    25
100
AcDbLine
 10
0.0
 20
2.4
 30
0.0
 11
83.0
 21
2.4
 31
0.0
  0
LINE
  5
182
330
142
100
AcDbEntity
  8
0
  6
Continuous
 62
     7
370
    25
100
AcDbLine
 10
0.0
 20
0.0
 30
0.0
 11
83.0
 21
0.0
 31
0.0
  0
LINE
  5
183
330
142
100
AcDbEntity
  8
0
  6
Continuous
 62
     7
370
    25
100
AcDbLine
 10
20.0
 20
2.4
 30
0.0
 11
20.0
 21
0.0
 31
0.0
  0
LINE
  5
184
330
142
100
AcDbEntity
  8
0
  6
Continuous
 62
     7
370
    25
100
AcDbLine
 10
0.0
 20
0.0
 30
0.0
 11
0.0
 21
2.4
 31
0.0
  0
LINE
  5
185
330
142
100
AcDbEntity
  8
0
  6
Continuous
 62
     7
370
    25
100
AcDbLine
 10
56.75
 20
6.4
 30
0.0
 11
56.75
 21
2.4
 31
0.0
  0
LINE
  5
186
330
142
100
AcDbEntity
  8
0
  6
Continuous
 62
     7
370
    25
100
AcDbLine
 10
26.25
 20
6.4
 30
0.0
 11
26.25
 21
2.4
 31
0.0
  0
LINE
  5
187
330
142
100
AcDbEntity
  8
0
  6
Continuous
 62
     7
370
    25
100
AcDbLine
 10
31.25
 20
11.4
 30
0.0
 11
51.75
 21
11.4
 31
0.0
  0
LINE
  5
188
330
142
100
AcDbEntity
  8
0
  6
Continuous
 62
     7
370
    25
100
AcDbLine
 10
52.6983251667
 20
33.4
 30
0.0
 11
30.3016748333
 21
33.4
 31
0.0
  0
LINE
  5
189
330
142
100
AcDbEntity
  8
0
  6
Continuous
 62
     7
370
    25
100
AcDbLine
 10
54.1162518941
 20
33.4
 30
0.0
 11
54.1162518941
 21
31.9
 31
0.0
  0
LINE
  5
18A
330
142
100
AcDbEntity
  8
0
  6
Continuous
 62
     7
370
    25
100
AcDbLine
 10
57.75
 20
31.9
 30
0.0
 11
41.9741160838
 21
31.9
 31
0.0
  0
LINE
  5
18B
330
142
100
AcDbEntity
  8
0
  6
Continuous
 62
     7
370
    25
100
AcDbLine
 10
41.9741160838
 20
31.9
 30
0.0
 11
41.9741160838
 21
23.4
 31
0.0
  0
LINE
  5
18C
330
142
100
AcDbEntity
  8
0
  6
Continuous
 62
     7
370
    25
100
AcDbLine
 10
41.0258839162
 20
23.4
 30
0.0
 11
41.0258839162
 21
31.9
 31
0.0
  0
LINE
  5
18D
330
142
100
AcDbEntity
  8
0
  6
Continuous
 62
     7
370
    25
100
AcDbLine
 10
41.0258839162
 20
31.9
 30
0.0
 11
25.25
 21
31.9
 31
0.0
  0
LINE
  5
18E
330
142
100
AcDbEntity
  8
0
  6
Continuous
 62
     7
370
    25
100
AcDbLine
 10
28.8837481059
 20
31.9
 30
0.0
 11
28.8837481059
 21
33.4
 31
0.0
  0
LINE
  5
18F
330
142
100
AcDbEntity
  8
0
  6
Continuous
 62
     7
370
    25
100
AcDbLine
 10
25.25
 20
2.4
 30
0.0
 11
25.25
 21
31.9
 31
0.0
  0
LINE
  5
190
330
142
100
AcDbEntity
  8
0
  6
Continuous
 62
     7
370
    25
100
AcDbLine
 10
57.75
 20
31.9
 30
0.0
 11
57.75
 21
2.4
 31
0.0
  0
LINE
  5
191
330
142
100
AcDbEntity
  8
0
  6
Continuous
 62
     7
370
    25
100
AcDbLine
 10
41.0258839162
 20
23.4
 30
0.0
 11
41.9741160838
 21
23.4
 31
0.0
  0
LINE
  5
192
330
142
100
AcDbEntity
  8
0
  6
Continuous
 62
     7
370
    25
100
AcDbLine
 10
111.1653281673
 20
129.4
 30
0.0
 11
111.1653281673
 21
133.4
 31
0.0
  0
LINE
  5
193
330
142
100
AcDbEntity
  8
0
  6
Continuous
 62
     7
370
    25
100
AcDbLine
 10
112.1653281673
 20
133.4
 30
0.0
 11
112.1653281673
 21
129.4
 31
0.0
  0
LINE
  5
194
330
142
100
AcDbEntity
  8
0
  6
Continuous
 62
     7
370
    25
100
AcDbLine
 10
105.7928010568
 20
129.4
 30
0.0
 11
112.1653281673
 21
129.4
 31
0.0
  0
LINE
  5
195
330
142
100
AcDbEntity
  8
0
  6
Continuous
 62
     7
370
    25
100
AcDbLine
 10
107.0949429405
 20
133.4
 30
0.0
 11
112.1653281673
 21
133.4
 31
0.0
  0
ARC
  5
196
330
142
100
AcDbEntity
  8
0
  6
Continuous
 62
     7
370
    25
100
AcDbCircle
 10
31.25
 20
6.4
 30
0.0
 40
5.000000000000007
100
AcDbArc
 50
90.0
 51
180.0
  0
ARC
  5
197
330
142
100
AcDbEntity
  8
0
  6
Continuous
 62
     7
370
    25
100
AcDbCircle
 10
51.75
 20
6.4
 30
0.0
 40
5.000000000000002
100
AcDbArc
 50
0.0
 51
90.0
  0
VIEWPORT
  5
4CB
330
142
100
AcDbEntity
  8
0
100
AcDbViewport
 10
0.0
 20
0.0
 30
0.0
 40
205.6
 41
156.0
 68
     1
 69
     1
 12
44.5
 22
66.7
 13
0.0
 23
0.0
 14
10.0
 24
10.0
 15
10.0
 25
10.0
 16
0.0
 26
0.0
 36
1.0
 17
0.0
 27
0.0
 37
0.0
 42
50.0
 43
0.0
 44
0.0
 45
136.068
 50
0.0
 51
0.0
 72
   100
 90
   557152
  1

281
     0
 71
     1
 74
     0
110
0.0
120
0.0
130
0.0
111
1.0
121
0.0
131
0.0
112
0.0
122
1.0
132
0.0
 79
     0
146
0.0
  0
MTEXT
  5
4E0
330
142
100
AcDbEntity
  8
0
  6
Continuous
 62
     7
100
AcDbMText
 10
-23.1653281673
 20
-1.0195663917
 30
0.0
 40
4.83362
 41
0.0
 71
     1
 72
     1
  1
SOLIDWORKS Educational Product.
  7
SLDTEXTSTYLE0
 73
     1
 44
1.0
  0
MTEXT
  5
4E1
330
142
100
AcDbEntity
  8
0
  6
Continuous
 62
     7
100
AcDbMText
 10
-23.1653281673
 20
-8.2699963917
 30
0.0
 40
4.83362
 41
0.0
 71
     1
 72
     1
  1
For Instructional Use Only.
  7
SLDTEXTSTYLE0
 73
     1
 44
1.0
  0
ENDBLK
  5
145
330
142
100
AcDbEntity
  8
0
100
AcDbBlockEnd
  0
BLOCK
  5
19A
330
198
100
AcDbEntity
  8
0
100
AcDbBlockBegin
  2
*Paper_Space2
 70
     0
 10
0.0
 20
0.0
 30
0.0
  3
*Paper_Space2
  1

  0
LWPOLYLINE
  5
1A9
330
198
100
AcDbEntity
  8
0
  6
Continuous
 62
     7
370
    25
100
AcDbPolyline
 90
        4
 70
   128
 43
0.0
 10
-60.0579767703
 20
133.4
 10
-60.0585279428
 20
131.498218978
 10
-60.0585522313
 20
131.4152367824
 10
-60.059148335
 20
129.4
  0
SPLINE
  5
1AA
330
198
100
AcDbEntity
  8
0
  6
Continuous
 62
     7
370
    25
100
AcDbSpline
210
0.0
220
0.0
230
1.0
 70
    24
 71
     3
 72
    12
 73
     8
 74
     0
 42
0.00000001
 43
0.00000001
 40
0.0
 40
0.0
 40
0.0
 40
0.0
 40
0.2500000000000029
 40
0.2500000000000029
 40
0.5000000000000058
 40
0.5000000000000058
 40
1.0
 40
1.0
 40
1.0
 40
1.0
 10
-60.05914833497809
 20
129.4
 30
0.0
 10
-60.18943032293328
 20
129.4
 30
0.0
 10
-60.31552641204667
 20
129.4
 30
0.0
 10
-60.54677537702352
 20
129.4
 30
0.0
 10
-60.65063273311596
 20
129.4
 30
0.0
 10
-60.90533868455058
 20
129.4
 30
0.0
 10
-61.0
 20
129.4
 30
0.0
 10
-61.0
 20
129.4
 30
0.0
  0
SPLINE
  5
1AB
330
198
100
AcDbEntity
  8
0
  6
Continuous
 62
     7
370
    25
100
AcDbSpline
210
0.0
220
0.0
230
1.0
 70
    24
 71
     3
 72
    14
 73
    10
 74
     0
 42
0.00000001
 43
0.00000001
 40
0.0
 40
0.0
 40
0.0
 40
0.0
 40
0.25
 40
0.25
 40
0.5
 40
0.5
 40
0.75
 40
0.75
 40
1.0
 40
1.0
 40
1.0
 40
1.0
 10
-61.0
 20
133.4
 30
0.0
 10
-60.99999999999999
 20
133.4
 30
0.0
 10
-60.97738620180616
 20
133.4
 30
0.0
 10
-60.8872387143496
 20
133.4
 30
0.0
 10
-60.82117727103977
 20
133.4
 30
0.0
 10
-60.64998392781589
 20
133.4
 30
0.0
 10
-60.5466514042468
 20
133.4
 30
0.0
 10
-60.31518665360241
 20
133.4
 30
0.0
 10
-60.18854113103834
 20
133.4
 30
0.0
 10
-60.05797677033755
 20
133.4
 30
0.0
  0
LWPOLYLINE
  5
1AC
330
198
100
AcDbEntity
  8
0
  6
Continuous
 62
     7
370
    25
100
AcDbPolyline
 90
        4
 70
   128
 43
0.0
 10
-67.940851665
 20
129.4
 10
-67.941414526
 20
131.3017740605
 10
-67.9414477687
 20
131.4152367849
 10
-67.9420232297
 20
133.4
  0
SPLINE
  5
1AD
330
198
100
AcDbEntity
  8
0
  6
Continuous
 62
     7
370
    25
100
AcDbSpline
210
0.0
220
0.0
230
1.0
 70
    24
 71
     3
 72
    14
 73
    10
 74
     0
 42
0.00000001
 43
0.00000001
 40
0.0
 40
0.0
 40
0.0
 40
0.0
 40
0.25
 40
0.25
 40
0.5
 40
0.5
 40
0.75
 40
0.75
 40
1.0
 40
1.0
 40
1.0
 40
1.0
 10
-67.0
 20
129.4
 30
0.0
 10
-67.0
 20
129.4
 30
0.0
 10
-67.0225770949817
 20
129.4
 30
0.0
 10
-67.11259429475402
 20
129.4
 30
0.0
 10
-67.17854909806285
 20
129.4
 30
0.0
 10
-67.34951682821975
 20
129.4
 30
0.0
 10
-67.45269315360072
 20
129.4
 30
0.0
 10
-67.68390354516873
 20
129.4
 30
0.0
 10
-67.81039468393305
 20
129.4
 30
0.0
 10
-67.9408516650219
 20
129.4
 30
0.0
  0
SPLINE
  5
1AE
330
198
100
AcDbEntity
  8
0
  6
Continuous
 62
     7
370
    25
100
AcDbSpline
210
0.0
220
0.0
230
1.0
 70
    24
 71
     3
 72
    12
 73
     8
 74
     0
 42
0.00000001
 43
0.00000001
 40
0.0
 40
0.0
 40
0.0
 40
0.0
 40
0.2499999999999949
 40
0.2499999999999949
 40
0.4999999999999899
 40
0.4999999999999899
 40
1.0
 40
1.0
 40
1.0
 40
1.0
 10
-67.94202322966244
 20
133.4
 30
0.0
 10
-67.81163324189906
 20
133.4
 30
0.0
 10
-67.68539639052159
 20
133.4
 30
0.0
 10
-67.4538764486872
 20
133.4
 30
0.0
 10
-67.34987371576756
 20
133.4
 30
0.0
 10
-67.09481546162856
 20
133.4
 30
0.0
 10
-67.0
 20
133.4
 30
0.0
 10
-67.0
 20
133.4
 30
0.0
  0
LWPOLYLINE
  5
1AF
330
198
100
AcDbEntity
  8
0
  6
Continuous
 62
     7
370
    25
100
AcDbPolyline
 90
        4
 70
   128
 43
0.0
 10
-0.7570145407
 20
129.4
 10
-0.1379385306
 20
131.3017740605
 10
-0.1010042014
 20
131.4152367849
 10
0.5450627069
 20
133.4
  0
SPLINE
  5
1B0
330
198
100
AcDbEntity
  8
0
  6
Continuous
 62
     7
370
    25
100
AcDbSpline
210
0.0
220
0.0
230
1.0
 70
     8
 71
     3
 72
    22
 73
    18
 74
     0
 42
0.00000001
 43
0.00000001
 40
0.0
 40
0.0
 40
0.0
 40
0.0
 40
0.1604444857131428
 40
0.3208977549381004
 40
0.4011111214685085
 40
0.4813877824508808
 40
0.5616067745922343
 40
0.6419505757128116
 40
0.7013603804015069
 40
0.7609045696209908
 40
0.8168011362318648
 40
0.873136798282762
 40
0.9178502172178161
 40
0.9401887691330689
 40
0.9630918472517959
 40
0.9853954895846512
 40
0.9999999999999999
 40
0.9999999999999999
 40
0.9999999999999999
 40
0.9999999999999999
 10
-99.66532816727864
 20
52.30108128453357
 30
0.0
 10
-100.7510603720892
 20
55.38295280031728
 30
0.0
 10
-102.9225842199739
 20
61.54686454852675
 30
0.0
 10
-105.7204744124572
 20
69.20888803018812
 30
0.0
 10
-107.9817621721844
 20
75.30876643689815
 30
0.0
 10
-109.6889543251151
 20
79.86339573275949
 30
0.0
 10
-111.4036527635534
 20
84.39380496177276
 30
0.0
 10
-112.9712304180727
 20
88.4979610779849
 30
0.0
 10
-114.3860889846222
 20
92.17544554812415
 30
0.0
 10
-115.6176057743253
 20
95.35778477136445
 30
0.0
 10
-116.8077269416009
 20
98.41693820844645
 30
0.0
 10
-117.8607936150685
 20
101.1108372942133
 30
0.0
 10
-118.6327190455994
 20
103.0778206510469
 30
0.0
 10
-119.1311378519917
 20
104.3450671985576
 30
0.0
 10
-119.4396930884185
 20
105.1285556040585
 30
0.0
 10
-119.6450501194735
 20
105.6494327894969
 30
0.0
 10
-119.6439465967216
 20
105.6466273765636
 30
0.0
 10
-119.6435099341329
 20
105.645517278134
 30
0.0
  0
SPLINE
  5
1B2
330
198
100
AcDbEntity
  8
0
  6
Continuous
 62
     7
370
    25
100
AcDbSpline
210
0.0
220
0.0
230
1.0
 70
     8
 71
     3
 72
    10
 73
     6
 74
     0
 42
0.00000001
 43
0.00000001
 40
0.0
 40
0.0
 40
0.0
 40
0.0
 40
0.5
 40
0.5
 40
1.0
 40
1.0
 40
1.0
 40
1.0
 10
-93.59654013805707
 20
33.4
 30
0.0
 10
-94.52324074663284
 20
36.56164595369069
 30
0.0
 10
-95.49254038752697
 20
39.71721594381219
 30
0.0
 10
-97.51558606653094
 20
46.01697715660001
 30
0.0
 10
-98.56932059145447
 20
49.1611625958155
 30
0.0
 10
-99.66532816727864
 20
52.30108128453357
 30
0.0
  0
LWPOLYLINE
  5
1C8
330
198
100
AcDbEntity
  8
0
  6
Continuous
 62
     7
370
    25
100
AcDbPolyline
 90
        3
 70
   128
 43
0.0
 10
1.5949429405
 20
133.4
 10
0.8482482062
 20
131.1062197905
 10
0.2928010568
 20
129.4
  0
SPLINE
  5
1C9
330
198
100
AcDbEntity
  8
0
  6
Continuous
 62
     7
370
    25
100
AcDbSpline
210
0.0
220
0.0
230
1.0
 70
    24
 71
     3
 72
    14
 73
    10
 74
     0
 42
0.00000001
 43
0.00000001
 40
0.0
 40
0.0
 40
0.0
 40
0.0
 40
0.2500000000000001
 40
0.2500000000000001
 40
0.5000000000000001
 40
0.5000000000000001
 40
0.75
 40
0.75
 40
1.0
 40
1.0
 40
1.0
 40
1.0
 10
0.2928010568466616
 20
129.4
 30
0.0
 10
0.1622911552243006
 20
129.4
 30
0.0
 10
0.0348656290046281
 20
129.4
 30
0.0
 10
-0.2093823206184564
 20
129.4
 30
0.0
 10
-0.3214613202125807
 20
129.4
 30
0.0
 10
-0.51691632258722
 20
129.4
 30
0.0
 10
-0.5976243839462964
 20
129.4
 30
0.0
 10
-0.7139969867837048
 20
129.4000000000001
 30
0.0
 10
-0.7488853923809657
 20
129.4
 30
0.0
 10
-0.7570145407347975
 20
129.4
 30
0.0
  0
SPLINE
  5
1CA
330
198
100
AcDbEntity
  8
0
  6
Continuous
 62
     7
370
    25
100
AcDbSpline
210
0.0
220
0.0
230
1.0
 70
    24
 71
     3
 72
    12
 73
     8
 74
     0
 42
0.00000001
 43
0.00000001
 40
0.0
 40
0.0
 40
0.0
 40
0.0
 40
0.25
 40
0.25
 40
0.5
 40
0.5
 40
1.0
 40
1.0
 40
1.0
 40
1.0
 10
0.5450627069076632
 20
133.4
 30
0.0
 10
0.5530261411212517
 20
133.4
 30
0.0
 10
0.5876238534447131
 20
133.4
 30
0.0
 10
0.7037079707865532
 20
133.4
 30
0.0
 10
0.7850607773107685
 20
133.4
 30
0.0
 10
1.075939696564519
 20
133.4
 30
0.0
 10
1.334024308617988
 20
133.4
 30
0.0
 10
1.5949429404628
 20
133.4
 30
0.0
  0
LINE
  5
1D1
330
198
100
AcDbEntity
  8
0
  6
Continuous
 62
     7
370
    25
100
AcDbLine
 10
-128.6653281673
 20
133.4
 30
0.0
 11
-119.6469833716
 21
105.6443886899
 31
0.0
  0
LINE
  5
1D2
330
198
100
AcDbEntity
  8
0
  6
Continuous
 62
     7
370
    25
100
AcDbLine
 10
-31.826641456
 20
33.4
 30
0.0
 11
-0.6343506177
 21
129.4
 31
0.0
  0
LINE
  5
1D3
330
198
100
AcDbEntity
  8
0
  6
Continuous
 62
     7
370
    25
100
AcDbLine
 10
-31.826641456
 20
2.4
 30
0.0
 11
-31.826641456
 21
33.4
 31
0.0
  0
LINE
  5
1D4
330
198
100
AcDbEntity
  8
0
  6
Continuous
 62
     7
370
    25
100
AcDbLine
 10
-67.0
 20
129.4
 30
0.0
 11
-67.0
 21
133.4
 31
0.0
  0
LINE
  5
1D5
330
198
100
AcDbEntity
  8
0
  6
Continuous
 62
     7
370
    25
100
AcDbLine
 10
-66.0
 20
133.4
 30
0.0
 11
-66.0
 21
129.4
 31
0.0
  0
LINE
  5
1D6
330
198
100
AcDbEntity
  8
0
  6
Continuous
 62
     7
370
    25
100
AcDbLine
 10
-67.0
 20
129.4
 30
0.0
 11
-61.0
 21
129.4
 31
0.0
  0
LINE
  5
1D7
330
198
100
AcDbEntity
  8
0
  6
Continuous
 62
     7
370
    25
100
AcDbLine
 10
-67.0
 20
133.4
 30
0.0
 11
-61.0
 21
133.4
 31
0.0
  0
LINE
  5
1D8
330
198
100
AcDbEntity
  8
0
  6
Continuous
 62
     7
370
    25
100
AcDbLine
 10
-62.0
 20
129.4
 30
0.0
 11
-62.0
 21
133.4
 31
0.0
  0
LINE
  5
1D9
330
198
100
AcDbEntity
  8
0
  6
Continuous
 62
     7
370
    25
100
AcDbLine
 10
-61.0
 20
133.4
 30
0.0
 11
-61.0
 21
129.4
 31
0.0
  0
LINE
  5
1DA
330
198
100
AcDbEntity
  8
0
  6
Continuous
 62
     7
370
    25
100
AcDbLine
 10
-93.5965401381
 20
33.4
 30
0.0
 11
-31.826641456
 21
33.4
 31
0.0
  0
LINE
  5
1DB
330
198
100
AcDbEntity
  8
0
  6
Continuous
 62
     7
370
    25
100
AcDbLine
 10
-67.9420232297
 20
133.4
 30
0.0
 11
-128.6653281673
 21
133.4
 31
0.0
  0
LINE
  5
1DC
330
198
100
AcDbEntity
  8
0
  6
Continuous
 62
     7
370
    25
100
AcDbLine
 10
0.5450627069
 20
133.4
 30
0.0
 11
-60.0579767703
 21
133.4
 31
0.0
  0
LINE
  5
1DD
330
198
100
AcDbEntity
  8
0
  6
Continuous
 62
     7
370
    25
100
AcDbLine
 10
-108.0
 20
2.4
 30
0.0
 11
-108.0
 21
0.0
 31
0.0
  0
LINE
  5
1DE
330
198
100
AcDbEntity
  8
0
  6
Continuous
 62
     7
370
    25
100
AcDbLine
 10
-128.0
 20
0.0
 30
0.0
 11
-128.0
 21
2.4
 31
0.0
  0
LINE
  5
1DF
330
198
100
AcDbEntity
  8
0
  6
Continuous
 62
     7
370
    25
100
AcDbLine
 10
-128.0
 20
2.4
 30
0.0
 11
0.0
 21
2.4
 31
0.0
  0
LINE
  5
1E0
330
198
100
AcDbEntity
  8
0
  6
Continuous
 62
     7
370
    25
100
AcDbLine
 10
-128.0
 20
0.0
 30
0.0
 11
0.0
 21
0.0
 31
0.0
  0
LINE
  5
1E1
330
198
100
AcDbEntity
  8
0
  6
Continuous
 62
     7
370
    25
100
AcDbLine
 10
-20.0
 20
0.0
 30
0.0
 11
-20.0
 21
2.4
 31
0.0
  0
LINE
  5
1E2
330
198
100
AcDbEntity
  8
0
  6
Continuous
 62
     7
370
    25
100
AcDbLine
 10
0.0
 20
2.4
 30
0.0
 11
0.0
 21
0.0
 31
0.0
  0
LINE
  5
1E3
330
198
100
AcDbEntity
  8
0
  6
Continuous
 62
     7
370
    25
100
AcDbLine
 10
-91.7680121723
 20
31.9
 30
0.0
 11
-91.7680121723
 21
2.4
 31
0.0
  0
LINE
  5
1E4
330
198
100
AcDbEntity
  8
0
  6
Continuous
 62
     7
370
    25
100
AcDbLine
 10
-93.5965401381
 20
31.9
 30
0.0
 11
-91.7680121723
 21
31.9
 31
0.0
  0
LINE
  5
1E5
330
198
100
AcDbEntity
  8
0
  6
Continuous
 62
     7
370
    25
100
AcDbLine
 10
-93.5965401381
 20
33.4
 30
0.0
 11
-93.5965401381
 21
31.9
 31
0.0
  0
LINE
  5
1E6
330
198
100
AcDbEntity
  8
0
  6
Continuous
 62
     7
370
    25
100
AcDbLine
 10
-124.18
 20
11.4
 30
0.0
 11
-124.18
 21
2.4
 31
0.0
  0
LINE
  5
1E7
330
198
100
AcDbEntity
  8
0
  6
Continuous
 62
     7
370
    25
100
AcDbLine
 10
-124.18
 20
6.4
 30
0.0
 11
-126.18
 21
6.4
 31
0.0
  0
LINE
  5
1E8
330
198
100
AcDbEntity
  8
0
  6
Continuous
 62
     7
370
    25
100
AcDbLine
 10
-126.18
 20
2.4
 30
0.0
 11
-126.18
 21
11.4
 31
0.0
  0
LINE
  5
1E9
330
198
100
AcDbEntity
  8
0
  6
Continuous
 62
     7
370
    25
100
AcDbLine
 10
-126.18
 20
11.4
 30
0.0
 11
-124.18
 21
11.4
 31
0.0
  0
LINE
  5
1EA
330
198
100
AcDbEntity
  8
0
  6
Continuous
 62
     7
370
    25
100
AcDbLine
 10
5.6653281673
 20
129.4
 30
0.0
 11
5.6653281673
 21
133.4
 31
0.0
  0
LINE
  5
1EB
330
198
100
AcDbEntity
  8
0
  6
Continuous
 62
     7
370
    25
100
AcDbLine
 10
0.2928010568
 20
129.4
 30
0.0
 11
6.6653281673
 21
129.4
 31
0.0
  0
LINE
  5
1EC
330
198
100
AcDbEntity
  8
0
  6
Continuous
 62
     7
370
    25
100
AcDbLine
 10
1.5949429405
 20
133.4
 30
0.0
 11
6.6653281673
 21
133.4
 31
0.0
  0
LINE
  5
1ED
330
198
100
AcDbEntity
  8
0
  6
Continuous
 62
     7
370
    25
100
AcDbLine
 10
6.6653281673
 20
133.4
 30
0.0
 11
6.6653281673
 21
129.4
 31
0.0
  0
VIEWPORT
  5
4CD
330
198
100
AcDbEntity
  8
0
100
AcDbViewport
 10
0.0
 20
0.0
 30
0.0
 40
205.6
 41
156.0
 68
     1
 69
     1
 12
44.5
 22
66.7
 13
0.0
 23
0.0
 14
10.0
 24
10.0
 15
10.0
 25
10.0
 16
0.0
 26
0.0
 36
1.0
 17
0.0
 27
0.0
 37
0.0
 42
50.0
 43
0.0
 44
0.0
 45
136.068
 50
0.0
 51
0.0
 72
   100
 90
   557152
  1

281
     0
 71
     1
 74
     0
110
0.0
120
0.0
130
0.0
111
1.0
121
0.0
131
0.0
112
0.0
122
1.0
132
0.0
 79
     0
146
0.0
  0
MTEXT
  5
4E2
330
198
100
AcDbEntity
  8
0
  6
Continuous
 62
     7
100
AcDbMText
 10
-128.6653281673
 20
-1.0195663917
 30
0.0
 40
4.83362
 41
0.0
 71
     1
 72
     1
  1
SOLIDWORKS Educational Product.
  7
SLDTEXTSTYLE0
 73
     1
 44
1.0
  0
MTEXT
  5
4E3
330
198
100
AcDbEntity
  8
0
  6
Continuous
 62
     7
100
AcDbMText
 10
-128.6653281673
 20
-8.2699963917
 30
0.0
 40
4.83362
 41
0.0
 71
     1
 72
     1
  1
For Instructional Use Only.
  7
SLDTEXTSTYLE0
 73
     1
 44
1.0
  0
ENDBLK
  5
19B
330
198
100
AcDbEntity
  8
0
100
AcDbBlockEnd
  0
BLOCK
  5
1F0
330
1EE
100
AcDbEntity
  8
0
100
AcDbBlockBegin
  2
*Paper_Space3
 70
     0
 10
0.0
 20
0.0
 30
0.0
  3
*Paper_Space3
  1

  0
LWPOLYLINE
  5
200
330
1EE
100
AcDbEntity
  8
0
  6
Continuous
 62
     7
370
    25
100
AcDbPolyline
 90
        4
 70
   128
 43
0.0
 10
-37.5579767703
 20
133.4
 10
-37.5585279428
 20
131.498218978
 10
-37.5585522313
 20
131.4152367824
 10
-37.559148335
 20
129.4
  0
SPLINE
  5
201
330
1EE
100
AcDbEntity
  8
0
  6
Continuous
 62
     7
370
    25
100
AcDbSpline
210
0.0
220
0.0
230
1.0
 70
    24
 71
     3
 72
    12
 73
     8
 74
     0
 42
0.00000001
 43
0.00000001
 40
0.0
 40
0.0
 40
0.0
 40
0.0
 40
0.2500000000000023
 40
0.2500000000000023
 40
0.5000000000000046
 40
0.5000000000000046
 40
1.0
 40
1.0
 40
1.0
 40
1.0
 10
-37.55914833497786
 20
129.4
 30
0.0
 10
-37.68943032293307
 20
129.4
 30
0.0
 10
-37.81552641204644
 20
129.4
 30
0.0
 10
-38.04677537702329
 20
129.4
 30
0.0
 10
-38.15063273311571
 20
129.4000000000001
 30
0.0
 10
-38.40533868455032
 20
129.4
 30
0.0
 10
-38.49999999999975
 20
129.4
 30
0.0
 10
-38.49999999999976
 20
129.4
 30
0.0
  0
SPLINE
  5
202
330
1EE
100
AcDbEntity
  8
0
  6
Continuous
 62
     7
370
    25
100
AcDbSpline
210
0.0
220
0.0
230
1.0
 70
    24
 71
     3
 72
    14
 73
    10
 74
     0
 42
0.00000001
 43
0.00000001
 40
0.0
 40
0.0
 40
0.0
 40
0.0
 40
0.25
 40
0.25
 40
0.5
 40
0.5
 40
0.75
 40
0.75
 40
1.0
 40
1.0
 40
1.0
 40
1.0
 10
-38.49999999999976
 20
133.4
 30
0.0
 10
-38.49999999999977
 20
133.4
 30
0.0
 10
-38.47738620180591
 20
133.4
 30
0.0
 10
-38.38723871434935
 20
133.4
 30
0.0
 10
-38.32117727103952
 20
133.4
 30
0.0
 10
-38.14998392781565
 20
133.4
 30
0.0
 10
-38.04665140424655
 20
133.4
 30
0.0
 10
-37.81518665360218
 20
133.4
 30
0.0
 10
-37.68854113103811
 20
133.4
 30
0.0
 10
-37.55797677033731
 20
133.4
 30
0.0
  0
LWPOLYLINE
  5
203
330
1EE
100
AcDbEntity
  8
0
  6
Continuous
 62
     7
370
    25
100
AcDbPolyline
 90
        4
 70
   128
 43
0.0
 10
-45.440851665
 20
129.4
 10
-45.441414526
 20
131.3017740605
 10
-45.4414477687
 20
131.4152367849
 10
-45.4420232297
 20
133.4
  0
SPLINE
  5
204
330
1EE
100
AcDbEntity
  8
0
  6
Continuous
 62
     7
370
    25
100
AcDbSpline
210
0.0
220
0.0
230
1.0
 70
    24
 71
     3
 72
    14
 73
    10
 74
     0
 42
0.00000001
 43
0.00000001
 40
0.0
 40
0.0
 40
0.0
 40
0.0
 40
0.2500000000000001
 40
0.2500000000000001
 40
0.5000000000000001
 40
0.5000000000000001
 40
0.75
 40
0.75
 40
1.0
 40
1.0
 40
1.0
 40
1.0
 10
-44.49999999999976
 20
129.4
 30
0.0
 10
-44.49999999999976
 20
129.4
 30
0.0
 10
-44.52257709498145
 20
129.4
 30
0.0
 10
-44.6125942947538
 20
129.4
 30
0.0
 10
-44.67854909806259
 20
129.4
 30
0.0
 10
-44.84951682821952
 20
129.4
 30
0.0
 10
-44.95269315360048
 20
129.4
 30
0.0
 10
-45.18390354516849
 20
129.4000000000001
 30
0.0
 10
-45.31039468393284
 20
129.4
 30
0.0
 10
-45.44085166502167
 20
129.4
 30
0.0
  0
SPLINE
  5
205
330
1EE
100
AcDbEntity
  8
0
  6
Continuous
 62
     7
370
    25
100
AcDbSpline
210
0.0
220
0.0
230
1.0
 70
    24
 71
     3
 72
    12
 73
     8
 74
     0
 42
0.00000001
 43
0.00000001
 40
0.0
 40
0.0
 40
0.0
 40
0.0
 40
0.25
 40
0.25
 40
0.5
 40
0.5
 40
1.0
 40
1.0
 40
1.0
 40
1.0
 10
-45.4420232296622
 20
133.4
 30
0.0
 10
-45.31163324189879
 20
133.4
 30
0.0
 10
-45.18539639052135
 20
133.4
 30
0.0
 10
-44.95387644868695
 20
133.4
 30
0.0
 10
-44.84987371576732
 20
133.4
 30
0.0
 10
-44.59481546162831
 20
133.4
 30
0.0
 10
-44.49999999999976
 20
133.4
 30
0.0
 10
-44.49999999999976
 20
133.4
 30
0.0
  0
LWPOLYLINE
  5
206
330
1EE
100
AcDbEntity
  8
0
  6
Continuous
 62
     7
370
    25
100
AcDbPolyline
 90
        4
 70
   128
 43
0.0
 10
-106.0450627069
 20
133.4
 10
-105.4260080723
 20
131.498218978
 10
-105.3989957978
 20
131.4152367824
 10
-104.7429854593
 20
129.4
  0
LWPOLYLINE
  5
214
330
1EE
100
AcDbEntity
  8
0
  6
Continuous
 62
     7
370
    25
100
AcDbPolyline
 90
        3
 70
   128
 43
0.0
 10
-105.7928010568
 20
129.4
 10
-106.3482482054
 20
131.1062197881
 10
-107.0949429405
 20
133.4
  0
SPLINE
  5
215
330
1EE
100
AcDbEntity
  8
0
  6
Continuous
 62
     7
370
    25
100
AcDbSpline
210
0.0
220
0.0
230
1.0
 70
    24
 71
     3
 72
    12
 73
     8
 74
     0
 42
0.00000001
 43
0.00000001
 40
0.0
 40
0.0
 40
0.0
 40
0.0
 40
0.2500000000000029
 40
0.2500000000000029
 40
0.5000000000000058
 40
0.5000000000000058
 40
1.0
 40
1.0
 40
1.0
 40
1.0
 10
-104.7429854592652
 20
129.4
 30
0.0
 10
-104.7511037032954
 20
129.4
 30
0.0
 10
-104.7858075285701
 20
129.4
 30
0.0
 10
-104.9020171231417
 20
129.4
 30
0.0
 10
-104.9833792406653
 20
129.4
 30
0.0
 10
-105.2741932838868
 20
129.4
 30
0.0
 10
-105.532078758772
 20
129.4
 30
0.0
 10
-105.7928010568467
 20
129.4
 30
0.0
  0
SPLINE
  5
216
330
1EE
100
AcDbEntity
  8
0
  6
Continuous
 62
     7
370
    25
100
AcDbSpline
210
0.0
220
0.0
230
1.0
 70
    24
 71
     3
 72
    14
 73
    10
 74
     0
 42
0.00000001
 43
0.00000001
 40
0.0
 40
0.0
 40
0.0
 40
0.0
 40
0.25
 40
0.25
 40
0.5
 40
0.5
 40
0.75
 40
0.75
 40
1.0
 40
1.0
 40
1.0
 40
1.0
 10
-107.0949429404628
 20
133.4
 30
0.0
 10
-106.9643355453617
 20
133.4
 30
0.0
 10
-106.8368077410089
 20
133.4
 30
0.0
 10
-106.5924124013157
 20
133.4
 30
0.0
 10
-106.4802604666603
 20
133.4
 30
0.0
 10
-106.2847729555399
 20
133.4
 30
0.0
 10
-106.2040648160075
 20
133.4
 30
0.0
 10
-106.0878244533809
 20
133.4
 30
0.0
 10
-106.0530367907688
 20
133.4
 30
0.0
 10
-106.0450627069077
 20
133.4
 30
0.0
  0
LINE
  5
21D
330
1EE
100
AcDbEntity
  8
0
  6
Continuous
 62
     7
370
    25
100
AcDbLine
 10
-104.8656493823
 20
129.4
 30
0.0
 11
-73.673358544
 21
33.4
 31
0.0
  0
LINE
  5
21E
330
1EE
100
AcDbEntity
  8
0
  6
Continuous
 62
     7
370
    25
100
AcDbLine
 10
-9.326641456
 20
33.4
 30
0.0
 11
23.1653281673
 21
133.4
 31
0.0
  0
LINE
  5
21F
330
1EE
100
AcDbEntity
  8
0
  6
Continuous
 62
     7
370
    25
100
AcDbLine
 10
-9.326641456
 20
2.4
 30
0.0
 11
-9.326641456
 21
33.4
 31
0.0
  0
LINE
  5
220
330
1EE
100
AcDbEntity
  8
0
  6
Continuous
 62
     7
370
    25
100
AcDbLine
 10
-73.673358544
 20
33.4
 30
0.0
 11
-73.673358544
 21
2.4
 31
0.0
  0
LINE
  5
221
330
1EE
100
AcDbEntity
  8
0
  6
Continuous
 62
     7
370
    25
100
AcDbLine
 10
-44.5
 20
129.4
 30
0.0
 11
-44.5
 21
133.4
 31
0.0
  0
LINE
  5
222
330
1EE
100
AcDbEntity
  8
0
  6
Continuous
 62
     7
370
    25
100
AcDbLine
 10
-43.5
 20
133.4
 30
0.0
 11
-43.5
 21
129.4
 31
0.0
  0
LINE
  5
223
330
1EE
100
AcDbEntity
  8
0
  6
Continuous
 62
     7
370
    25
100
AcDbLine
 10
-44.5
 20
129.4
 30
0.0
 11
-38.5
 21
129.4
 31
0.0
  0
LINE
  5
224
330
1EE
100
AcDbEntity
  8
0
  6
Continuous
 62
     7
370
    25
100
AcDbLine
 10
-44.5
 20
133.4
 30
0.0
 11
-38.5
 21
133.4
 31
0.0
  0
LINE
  5
225
330
1EE
100
AcDbEntity
  8
0
  6
Continuous
 62
     7
370
    25
100
AcDbLine
 10
-39.5
 20
129.4
 30
0.0
 11
-39.5
 21
133.4
 31
0.0
  0
LINE
  5
226
330
1EE
100
AcDbEntity
  8
0
  6
Continuous
 62
     7
370
    25
100
AcDbLine
 10
-38.5
 20
133.4
 30
0.0
 11
-38.5
 21
129.4
 31
0.0
  0
LINE
  5
227
330
1EE
100
AcDbEntity
  8
0
  6
Continuous
 62
     7
370
    25
100
AcDbLine
 10
-73.673358544
 20
33.4
 30
0.0
 11
-9.326641456
 21
33.4
 31
0.0
  0
LINE
  5
228
330
1EE
100
AcDbEntity
  8
0
  6
Continuous
 62
     7
370
    25
100
AcDbLine
 10
23.1653281673
 20
133.4
 30
0.0
 11
-37.5579767703
 21
133.4
 31
0.0
  0
LINE
  5
229
330
1EE
100
AcDbEntity
  8
0
  6
Continuous
 62
     7
370
    25
100
AcDbLine
 10
-45.4420232297
 20
133.4
 30
0.0
 11
-106.0450627069
 21
133.4
 31
0.0
  0
LINE
  5
22A
330
1EE
100
AcDbEntity
  8
0
  6
Continuous
 62
     7
370
    25
100
AcDbLine
 10
-63.0
 20
2.4
 30
0.0
 11
-63.0
 21
0.0
 31
0.0
  0
LINE
  5
22B
330
1EE
100
AcDbEntity
  8
0
  6
Continuous
 62
     7
370
    25
100
AcDbLine
 10
-83.0
 20
0.0
 30
0.0
 11
-83.0
 21
2.4
 31
0.0
  0
LINE
  5
22C
330
1EE
100
AcDbEntity
  8
0
  6
Continuous
 62
     7
370
    25
100
AcDbLine
 10
-83.0
 20
2.4
 30
0.0
 11
0.0
 21
2.4
 31
0.0
  0
LINE
  5
22D
330
1EE
100
AcDbEntity
  8
0
  6
Continuous
 62
     7
370
    25
100
AcDbLine
 10
-83.0
 20
0.0
 30
0.0
 11
0.0
 21
0.0
 31
0.0
  0
LINE
  5
22E
330
1EE
100
AcDbEntity
  8
0
  6
Continuous
 62
     7
370
    25
100
AcDbLine
 10
-20.0
 20
0.0
 30
0.0
 11
-20.0
 21
2.4
 31
0.0
  0
LINE
  5
22F
330
1EE
100
AcDbEntity
  8
0
  6
Continuous
 62
     7
370
    25
100
AcDbLine
 10
0.0
 20
2.4
 30
0.0
 11
0.0
 21
0.0
 31
0.0
  0
LINE
  5
230
330
1EE
100
AcDbEntity
  8
0
  6
Continuous
 62
     7
370
    25
100
AcDbLine
 10
-112.1653281673
 20
129.4
 30
0.0
 11
-112.1653281673
 21
133.4
 31
0.0
  0
LINE
  5
231
330
1EE
100
AcDbEntity
  8
0
  6
Continuous
 62
     7
370
    25
100
AcDbLine
 10
-111.1653281673
 20
133.4
 30
0.0
 11
-111.1653281673
 21
129.4
 31
0.0
  0
LINE
  5
232
330
1EE
100
AcDbEntity
  8
0
  6
Continuous
 62
     7
370
    25
100
AcDbLine
 10
-112.1653281673
 20
129.4
 30
0.0
 11
-105.7928010568
 21
129.4
 31
0.0
  0
LINE
  5
233
330
1EE
100
AcDbEntity
  8
0
  6
Continuous
 62
     7
370
    25
100
AcDbLine
 10
-112.1653281673
 20
133.4
 30
0.0
 11
-107.0949429405
 21
133.4
 31
0.0
  0
VIEWPORT
  5
4CF
330
1EE
100
AcDbEntity
  8
0
100
AcDbViewport
 10
0.0
 20
0.0
 30
0.0
 40
205.6
 41
156.0
 68
     1
 69
     1
 12
44.5
 22
66.7
 13
0.0
 23
0.0
 14
10.0
 24
10.0
 15
10.0
 25
10.0
 16
0.0
 26
0.0
 36
1.0
 17
0.0
 27
0.0
 37
0.0
 42
50.0
 43
0.0
 44
0.0
 45
136.068
 50
0.0
 51
0.0
 72
   100
 90
   557152
  1

281
     0
 71
     1
 74
     0
110
0.0
120
0.0
130
0.0
111
1.0
121
0.0
131
0.0
112
0.0
122
1.0
132
0.0
 79
     0
146
0.0
  0
MTEXT
  5
4E4
330
1EE
100
AcDbEntity
  8
0
  6
Continuous
 62
     7
100
AcDbMText
 10
-112.1653281673
 20
-1.0195663917
 30
0.0
 40
4.83362
 41
0.0
 71
     1
 72
     1
  1
SOLIDWORKS Educational Product.
  7
SLDTEXTSTYLE0
 73
     1
 44
1.0
  0
MTEXT
  5
4E5
330
1EE
100
AcDbEntity
  8
0
  6
Continuous
 62
     7
100
AcDbMText
 10
-112.1653281673
 20
-8.2699963917
 30
0.0
 40
4.83362
 41
0.0
 71
     1
 72
     1
  1
For Instructional Use Only.
  7
SLDTEXTSTYLE0
 73
     1
 44
1.0
  0
ENDBLK
  5
1F1
330
1EE
100
AcDbEntity
  8
0
100
AcDbBlockEnd
  0
BLOCK
  5
236
330
234
100
AcDbEntity
  8
0
100
AcDbBlockBegin
  2
*Paper_Space4
 70
     0
 10
0.0
 20
0.0
 30
0.0
  3
*Paper_Space4
  1

  0
CIRCLE
  5
238
330
234
100
AcDbEntity
  8
0
  6
Continuous
 62
     7
370
    25
100
AcDbCircle
 10
29.0
 20
-68.75
 30
0.0
 40
1.575000000000003
  0
CIRCLE
  5
239
330
234
100
AcDbEntity
  8
0
  6
Continuous
 62
     7
370
    25
100
AcDbCircle
 10
99.0
 20
-14.25
 30
0.0
 40
1.574999999999987
  0
CIRCLE
  5
23A
330
234
100
AcDbEntity
  8
0
  6
Continuous
 62
     7
370
    25
100
AcDbCircle
 10
29.0
 20
-14.25
 30
0.0
 40
1.575000000000001
  0
CIRCLE
  5
23B
330
234
100
AcDbEntity
  8
0
  6
Continuous
 62
     7
370
    25
100
AcDbCircle
 10
99.0
 20
-68.75
 30
0.0
 40
1.575000000000003
  0
CIRCLE
  5
250
330
234
100
AcDbEntity
  8
0
  6
Continuous
 62
     7
370
    25
100
AcDbCircle
 10
47.5
 20
-25.0
 30
0.0
 40
1.574999999999999
  0
CIRCLE
  5
251
330
234
100
AcDbEntity
  8
0
  6
Continuous
 62
     7
370
    25
100
AcDbCircle
 10
80.5
 20
-25.0
 30
0.0
 40
1.574999999999985
  0
CIRCLE
  5
252
330
234
100
AcDbEntity
  8
0
  6
Continuous
 62
     7
370
    25
100
AcDbCircle
 10
80.5
 20
-58.0
 30
0.0
 40
1.574999999999974
  0
CIRCLE
  5
253
330
234
100
AcDbEntity
  8
0
  6
Continuous
 62
     7
370
    25
100
AcDbCircle
 10
47.5
 20
-58.0
 30
0.0
 40
1.574999999999996
  0
LWPOLYLINE
  5
254
330
234
100
AcDbEntity
  8
0
  6
Continuous
 62
     7
370
    25
100
AcDbPolyline
 90
        4
 70
   128
 43
0.0
 10
60.0579767703
 20
-106.0450627069
 10
60.0585279428
 20
-105.4260080723
 10
60.0585522313
 20
-105.3989957978
 10
60.059148335
 20
-104.7429854593
  0
LWPOLYLINE
  5
255
330
234
100
AcDbEntity
  8
0
  6
Continuous
 62
     7
370
    25
100
AcDbPolyline
 90
        3
 70
   128
 43
0.0
 10
-0.5450627069
 20
-45.4420232297
 10
-0.2676755046
 20
-48.6603458172
 10
0.0
 20
-50.7522790156
  0
LWPOLYLINE
  5
25A
330
234
100
AcDbEntity
  8
0
  6
Continuous
 62
     7
370
    25
100
AcDbPolyline
 90
        3
 70
   128
 43
0.0
 10
0.0
 20
-32.2477209844
 10
-0.2681268113
 20
-34.3437060468
 10
-0.5450627069
 20
-37.5579767703
  0
LWPOLYLINE
  5
25B
330
234
100
AcDbEntity
  8
0
  6
Continuous
 62
     7
370
    25
100
AcDbPolyline
 90
        4
 70
   128
 43
0.0
 10
67.940851665
 20
-104.7429854593
 10
67.941414526
 20
-105.3620614694
 10
67.9414477687
 20
-105.3989957986
 10
67.9420232297
 20
-106.0450627069
  0
SPLINE
  5
25D
330
234
100
AcDbEntity
  8
0
  6
Continuous
 62
     7
370
    25
100
AcDbSpline
210
0.0
220
0.0
230
1.0
 70
     8
 71
     3
 72
    12
 73
     8
 74
     0
 42
0.00000001
 43
0.00000001
 40
0.0
 40
0.0
 40
0.0
 40
0.0
 40
0.1734292381025422
 40
0.433331894726353
 40
0.6928356149616071
 40
0.9523561668824001
 40
1.0
 40
1.0
 40
1.0
 40
1.0
 10
113.33
 20
-31.31828766262801
 30
0.0
 10
112.865700668631
 20
-31.01360884268568
 30
0.0
 10
111.7055980747225
 20
-30.25233553160455
 30
0.0
 10
109.8437580193864
 20
-29.41618487383149
 30
0.0
 10
107.7659034693429
 20
-28.67696819460289
 30
0.0
 10
106.2564686170278
 20
-28.23677586787782
 30
0.0
 10
105.4544066904869
 20
-28.11180589120492
 30
0.0
 10
105.33
 20
-28.09242197495901
 30
0.0
  0
SPLINE
  5
25F
330
234
100
AcDbEntity
  8
0
  6
Continuous
 62
     7
370
    25
100
AcDbSpline
210
0.0
220
0.0
230
1.0
 70
     8
 71
     3
 72
    12
 73
     8
 74
     0
 42
0.00000001
 43
0.00000001
 40
0.0
 40
0.0
 40
0.0
 40
0.0
 40
0.2500000000000029
 40
0.2500000000000029
 40
0.5000000000000058
 40
0.5000000000000058
 40
1.0
 40
1.0
 40
1.0
 40
1.0
 10
60.05914833497809
 20
-104.7429854592652
 30
0.0
 10
60.18943032293328
 20
-104.7511037032954
 30
0.0
 10
60.31552641204667
 20
-104.7858075285701
 30
0.0
 10
60.54677537702352
 20
-104.9020171231417
 30
0.0
 10
60.65063273311596
 20
-104.9833792406653
 30
0.0
 10
60.90533868455058
 20
-105.2741932838868
 30
0.0
 10
61.0
 20
-105.532078758772
 30
0.0
 10
61.0
 20
-105.7928010568467
 30
0.0
  0
SPLINE
  5
260
330
234
100
AcDbEntity
  8
0
  6
Continuous
 62
     7
370
    25
100
AcDbSpline
210
0.0
220
0.0
230
1.0
 70
     8
 71
     3
 72
    14
 73
    10
 74
     0
 42
0.00000001
 43
0.00000001
 40
0.0
 40
0.0
 40
0.0
 40
0.0
 40
0.25
 40
0.25
 40
0.5
 40
0.5
 40
0.75
 40
0.75
 40
1.0
 40
1.0
 40
1.0
 40
1.0
 10
67.0
 20
-105.7928010568466
 30
0.0
 10
67.0
 20
-105.6622911552242
 30
0.0
 10
67.0225770949817
 20
-105.5348656290046
 30
0.0
 10
67.11259429475402
 20
-105.2906176793815
 30
0.0
 10
67.17854909806285
 20
-105.1785386797874
 30
0.0
 10
67.34951682821975
 20
-104.9830836774128
 30
0.0
 10
67.45269315360072
 20
-104.9023756160537
 30
0.0
 10
67.68390354516873
 20
-104.7860030132163
 30
0.0
 10
67.81039468393305
 20
-104.751114607619
 30
0.0
 10
67.9408516650219
 20
-104.7429854592652
 30
0.0
  0
CIRCLE
  5
264
330
234
100
AcDbEntity
  8
0
  6
Continuous
 62
     7
370
    25
100
AcDbCircle
 10
64.0
 20
-109.1305148905
 30
0.0
 40
1.574999999999974
  0
SPLINE
  5
266
330
234
100
AcDbEntity
  8
0
  6
Continuous
 62
     7
370
    25
100
AcDbSpline
210
0.0
220
0.0
230
1.0
 70
     8
 71
     3
 72
    12
 73
     8
 74
     0
 42
0.00000001
 43
0.00000001
 40
0.0
 40
0.0
 40
0.0
 40
0.0
 40
0.2499999999999949
 40
0.2499999999999949
 40
0.4999999999999899
 40
0.4999999999999899
 40
1.0
 40
1.0
 40
1.0
 40
1.0
 10
67.94202322966244
 20
-106.0450627069077
 30
0.0
 10
67.81163324189906
 20
-106.0530261411213
 30
0.0
 10
67.68539639052159
 20
-106.0876238534447
 30
0.0
 10
67.4538764486872
 20
-106.2037079707865
 30
0.0
 10
67.34987371576756
 20
-106.2850607773108
 30
0.0
 10
67.09481546162856
 20
-106.5759396965645
 30
0.0
 10
67.0
 20
-106.834024308618
 30
0.0
 10
67.0
 20
-107.0949429404628
 30
0.0
  0
SPLINE
  5
267
330
234
100
AcDbEntity
  8
0
  6
Continuous
 62
     7
370
    25
100
AcDbSpline
210
0.0
220
0.0
230
1.0
 70
     8
 71
     3
 72
    14
 73
    10
 74
     0
 42
0.00000001
 43
0.00000001
 40
0.0
 40
0.0
 40
0.0
 40
0.0
 40
0.25
 40
0.25
 40
0.5
 40
0.5
 40
0.75
 40
0.75
 40
1.0
 40
1.0
 40
1.0
 40
1.0
 10
61.0
 20
-107.0949429404628
 30
0.0
 10
60.99999999999999
 20
-106.9643355453617
 30
0.0
 10
60.97738620180616
 20
-106.8368077410089
 30
0.0
 10
60.8872387143496
 20
-106.5924124013157
 30
0.0
 10
60.82117727103977
 20
-106.4802604666603
 30
0.0
 10
60.64998392781589
 20
-106.2847729555399
 30
0.0
 10
60.5466514042468
 20
-106.2040648160075
 30
0.0
 10
60.31518665360241
 20
-106.0878244533809
 30
0.0
 10
60.18854113103834
 20
-106.0530367907688
 30
0.0
 10
60.05797677033755
 20
-106.0450627069077
 30
0.0
  0
SPLINE
  5
26A
330
234
100
AcDbEntity
  8
0
  6
Continuous
 62
     7
370
    25
100
AcDbSpline
210
0.0
220
0.0
230
1.0
 70
     8
 71
     3
 72
     9
 73
     5
 74
     0
 42
0.00000001
 43
0.00000001
 40
0.0
 40
0.0
 40
0.0
 40
0.0
 40
0.2826612455630496
 40
1.0
 40
1.0
 40
1.0
 40
1.0
 10
0.0
 20
-38.4497499355147
 30
0.0
 10
-0.0261899717398373
 20
-38.46055512344706
 30
0.0
 10
-0.1188449506269104
 20
-38.49878175727809
 30
0.0
 10
-0.2201389473822229
 20
-38.4994911355056
 30
0.0
 10
-0.2928010568466199
 20
-38.49999999999976
 30
0.0
  0
CIRCLE
  5
26E
330
234
100
AcDbEntity
  8
0
  6
Continuous
 62
     7
370
    25
100
AcDbCircle
 10
-3.6305148905
 20
-41.5
 30
0.0
 40
1.574999999999974
  0
SPLINE
  5
270
330
234
100
AcDbEntity
  8
0
  6
Continuous
 62
     7
370
    25
100
AcDbSpline
210
0.0
220
0.0
230
1.0
 70
     8
 71
     3
 72
    12
 73
     8
 74
     0
 42
0.00000001
 43
0.00000001
 40
0.0
 40
0.0
 40
0.0
 40
0.0
 40
0.25
 40
0.25
 40
0.5
 40
0.5
 40
1.0
 40
1.0
 40
1.0
 40
1.0
 10
-0.5450627069076632
 20
-45.4420232296622
 30
0.0
 10
-0.5530261411212517
 20
-45.31163324189879
 30
0.0
 10
-0.5876238534447131
 20
-45.18539639052135
 30
0.0
 10
-0.7037079707865532
 20
-44.95387644868695
 30
0.0
 10
-0.7850607773107685
 20
-44.84987371576732
 30
0.0
 10
-1.075939696564519
 20
-44.59481546162831
 30
0.0
 10
-1.334024308617988
 20
-44.49999999999976
 30
0.0
 10
-1.594942940462793
 20
-44.49999999999976
 30
0.0
  0
SPLINE
  5
271
330
234
100
AcDbEntity
  8
0
  6
Continuous
 62
     7
370
    25
100
AcDbSpline
210
0.0
220
0.0
230
1.0
 70
     8
 71
     3
 72
    14
 73
    10
 74
     0
 42
0.00000001
 43
0.00000001
 40
0.0
 40
0.0
 40
0.0
 40
0.0
 40
0.25
 40
0.25
 40
0.5
 40
0.5
 40
0.75
 40
0.75
 40
1.0
 40
1.0
 40
1.0
 40
1.0
 10
-1.594942940462765
 20
-38.49999999999976
 30
0.0
 10
-1.464335545361711
 20
-38.49999999999977
 30
0.0
 10
-1.336807741008812
 20
-38.47738620180591
 30
0.0
 10
-1.092412401315648
 20
-38.38723871434935
 30
0.0
 10
-0.9802604666602557
 20
-38.32117727103952
 30
0.0
 10
-0.7847729555398586
 20
-38.14998392781565
 30
0.0
 10
-0.7040648160074464
 20
-38.04665140424655
 30
0.0
 10
-0.5878244533808613
 20
-37.81518665360218
 30
0.0
 10
-0.5530367907687905
 20
-37.68854113103811
 30
0.0
 10
-0.5450627069076286
 20
-37.55797677033731
 30
0.0
  0
LINE
  5
274
330
234
100
AcDbEntity
  8
0
  6
Continuous
 62
     7
370
    25
100
AcDbLine
 10
113.33
 20
-28.0
 30
0.0
 11
105.33
 21
-28.0
 31
0.0
  0
LINE
  5
275
330
234
100
AcDbEntity
  8
0
  6
Continuous
 62
     7
370
    25
100
AcDbLine
 10
105.33
 20
-28.0
 30
0.0
 11
105.33
 21
-36.0
 31
0.0
  0
LINE
  5
276
330
234
100
AcDbEntity
  8
0
  6
Continuous
 62
     7
370
    25
100
AcDbLine
 10
105.33
 20
-36.0
 30
0.0
 11
113.33
 21
-36.0
 31
0.0
  0
LINE
  5
277
330
234
100
AcDbEntity
  8
0
  6
Continuous
 62
     7
370
    25
100
AcDbLine
 10
113.33
 20
-36.0
 30
0.0
 11
113.33
 21
-28.0
 31
0.0
  0
LINE
  5
278
330
234
100
AcDbEntity
  8
0
  6
Continuous
 62
     7
370
    25
100
AcDbLine
 10
84.75
 20
-20.75
 30
0.0
 11
43.25
 21
-20.75
 31
0.0
  0
LINE
  5
279
330
234
100
AcDbEntity
  8
0
  6
Continuous
 62
     7
370
    25
100
AcDbLine
 10
43.25
 20
-20.75
 30
0.0
 11
43.25
 21
-62.25
 31
0.0
  0
LINE
  5
27A
330
234
100
AcDbEntity
  8
0
  6
Continuous
 62
     7
370
    25
100
AcDbLine
 10
43.25
 20
-62.25
 30
0.0
 11
84.75
 21
-62.25
 31
0.0
  0
LINE
  5
27B
330
234
100
AcDbEntity
  8
0
  6
Continuous
 62
     7
370
    25
100
AcDbLine
 10
84.75
 20
-62.25
 30
0.0
 11
84.75
 21
-20.75
 31
0.0
  0
LINE
  5
27C
330
234
100
AcDbEntity
  8
0
  6
Continuous
 62
     7
370
    25
100
AcDbLine
 10
108.0
 20
-83.0
 30
0.0
 11
20.0
 21
-83.0
 31
0.0
  0
LINE
  5
27D
330
234
100
AcDbEntity
  8
0
  6
Continuous
 62
     7
370
    25
100
AcDbLine
 10
0.0
 20
-63.0
 30
0.0
 11
0.0
 21
-20.0
 31
0.0
  0
LINE
  5
27E
330
234
100
AcDbEntity
  8
0
  6
Continuous
 62
     7
370
    25
100
AcDbLine
 10
20.0
 20
0.0
 30
0.0
 11
108.0
 21
0.0
 31
0.0
  0
LINE
  5
27F
330
234
100
AcDbEntity
  8
0
  6
Continuous
 62
     7
370
    25
100
AcDbLine
 10
128.0
 20
-20.0
 30
0.0
 11
128.0
 21
-63.0
 31
0.0
  0
LINE
  5
280
330
234
100
AcDbEntity
  8
0
  6
Continuous
 62
     7
370
    25
100
AcDbLine
 10
77.5
 20
-37.85
 30
0.0
 11
83.5
 21
-37.85
 31
0.0
  0
LINE
  5
281
330
234
100
AcDbEntity
  8
0
  6
Continuous
 62
     7
370
    25
100
AcDbLine
 10
83.5
 20
-37.85
 30
0.0
 11
83.5
 21
-27.85
 31
0.0
  0
LINE
  5
282
330
234
100
AcDbEntity
  8
0
  6
Continuous
 62
     7
370
    25
100
AcDbLine
 10
83.5
 20
-27.85
 30
0.0
 11
77.5
 21
-27.85
 31
0.0
  0
LINE
  5
283
330
234
100
AcDbEntity
  8
0
  6
Continuous
 62
     7
370
    25
100
AcDbLine
 10
77.5
 20
-27.85
 30
0.0
 11
77.5
 21
-37.85
 31
0.0
  0
LINE
  5
284
330
234
100
AcDbEntity
  8
0
  6
Continuous
 62
     7
370
    25
100
AcDbLine
 10
67.0
 20
-105.7928010568
 30
0.0
 11
67.0
 21
-111.1653281673
 31
0.0
  0
LINE
  5
285
330
234
100
AcDbEntity
  8
0
  6
Continuous
 62
     7
370
    25
100
AcDbLine
 10
66.0
 20
-112.1653281673
 30
0.0
 11
62.0
 21
-112.1653281673
 31
0.0
  0
LINE
  5
286
330
234
100
AcDbEntity
  8
0
  6
Continuous
 62
     7
370
    25
100
AcDbLine
 10
61.0
 20
-111.1653281673
 30
0.0
 11
61.0
 21
-105.7928010568
 31
0.0
  0
LINE
  5
287
330
234
100
AcDbEntity
  8
0
  6
Continuous
 62
     7
370
    25
100
AcDbLine
 10
-0.2928010568
 20
-38.5
 30
0.0
 11
-5.6653281673
 21
-38.5
 31
0.0
  0
LINE
  5
288
330
234
100
AcDbEntity
  8
0
  6
Continuous
 62
     7
370
    25
100
AcDbLine
 10
-0.2928010568
 20
-44.5
 30
0.0
 11
0.0
 21
-44.5494433059
 31
0.0
  0
LINE
  5
289
330
234
100
AcDbEntity
  8
0
  6
Continuous
 62
     7
370
    25
100
AcDbLine
 10
-6.6653281673
 20
-43.5
 30
0.0
 11
-6.6653281673
 21
-39.5
 31
0.0
  0
LINE
  5
28A
330
234
100
AcDbEntity
  8
0
  6
Continuous
 62
     7
370
    25
100
AcDbLine
 10
-0.2928010568
 20
-44.5
 30
0.0
 11
-5.6653281673
 21
-44.5
 31
0.0
  0
LINE
  5
28B
330
234
100
AcDbEntity
  8
0
  6
Continuous
 62
     7
370
    25
100
AcDbLine
 10
0.0
 20
-45.4415377345
 30
0.0
 11
-0.5450627069
 21
-45.4420232297
 31
0.0
  0
LINE
  5
28C
330
234
100
AcDbEntity
  8
0
  6
Continuous
 62
     7
370
    25
100
AcDbLine
 10
-0.5450627069
 20
-37.5579767703
 30
0.0
 11
0.0
 21
-37.5584620644
 31
0.0
  0
ARC
  5
28D
330
234
100
AcDbEntity
  8
0
  6
Continuous
 62
     7
370
    25
100
AcDbCircle
 10
108.0
 20
-63.0
 30
0.0
 40
20.00000000000004
100
AcDbArc
 50
270.0
 51
0.0
  0
ARC
  5
28E
330
234
100
AcDbEntity
  8
0
  6
Continuous
 62
     7
370
    25
100
AcDbCircle
 10
20.0
 20
-63.0
 30
0.0
 40
20.00000000000006
100
AcDbArc
 50
180.0
 51
270.0
  0
ARC
  5
28F
330
234
100
AcDbEntity
  8
0
  6
Continuous
 62
     7
370
    25
100
AcDbCircle
 10
20.0
 20
-20.0
 30
0.0
 40
20.00000000000004
100
AcDbArc
 50
90.0
 51
180.0
  0
ARC
  5
290
330
234
100
AcDbEntity
  8
0
  6
Continuous
 62
     7
370
    25
100
AcDbCircle
 10
108.0
 20
-20.0
 30
0.0
 40
20.00000000000004
100
AcDbArc
 50
0.0
 51
90.0
  0
ARC
  5
291
330
234
100
AcDbEntity
  8
0
  6
Continuous
 62
     7
370
    25
100
AcDbCircle
 10
64.0
 20
-41.5
 30
0.0
 40
64.66532816727968
100
AcDbArc
 50
218.6908378206
 51
266.5050603712
  0
ARC
  5
292
330
234
100
AcDbEntity
  8
0
  6
Continuous
 62
     7
370
    25
100
AcDbCircle
 10
64.0
 20
-41.5
 30
0.0
 40
64.66532816727842
100
AcDbArc
 50
273.4949396288
 51
321.3091621794
  0
ARC
  5
293
330
234
100
AcDbEntity
  8
0
  6
Continuous
 62
     7
370
    25
100
AcDbCircle
 10
64.0
 20
-41.5
 30
0.0
 40
64.66532816725378
100
AcDbArc
 50
351.7739203453
 51
8.2260796547
  0
ARC
  5
294
330
234
100
AcDbEntity
  8
0
  6
Continuous
 62
     7
370
    25
100
AcDbCircle
 10
64.0
 20
-41.5
 30
0.0
 40
64.66532816727837
100
AcDbArc
 50
38.6908378206
 51
141.3091621794
  0
ARC
  5
295
330
234
100
AcDbEntity
  8
0
  6
Continuous
 62
     7
370
    25
100
AcDbCircle
 10
64.0
 20
-41.5
 30
0.0
 40
63.36564938234426
100
AcDbArc
 50
266.43434603
 51
273.56565397
  0
ARC
  5
296
330
234
100
AcDbEntity
  8
0
  6
Continuous
 62
     7
370
    25
100
AcDbCircle
 10
62.0
 20
-111.1653281673
 30
0.0
 40
1.000000000000028
100
AcDbArc
 50
180.0
 51
270.0
  0
ARC
  5
297
330
234
100
AcDbEntity
  8
0
  6
Continuous
 62
     7
370
    25
100
AcDbCircle
 10
66.0
 20
-111.1653281673
 30
0.0
 40
1.000000000000014
100
AcDbArc
 50
270.0
 51
0.0
  0
ARC
  5
298
330
234
100
AcDbEntity
  8
0
  6
Continuous
 62
     7
370
    25
100
AcDbCircle
 10
-5.6653281673
 20
-39.5
 30
0.0
 40
0.9999999999999938
100
AcDbArc
 50
90.0
 51
180.0
  0
ARC
  5
299
330
234
100
AcDbEntity
  8
0
  6
Continuous
 62
     7
370
    25
100
AcDbCircle
 10
-5.6653281673
 20
-43.5
 30
0.0
 40
1.000000000000036
100
AcDbArc
 50
180.0
 51
270.0
  0
VIEWPORT
  5
4D1
330
234
100
AcDbEntity
  8
0
100
AcDbViewport
 10
0.0
 20
0.0
 30
0.0
 40
205.6
 41
156.0
 68
     1
 69
     1
 12
44.5
 22
66.7
 13
0.0
 23
0.0
 14
10.0
 24
10.0
 15
10.0
 25
10.0
 16
0.0
 26
0.0
 36
1.0
 17
0.0
 27
0.0
 37
0.0
 42
50.0
 43
0.0
 44
0.0
 45
136.068
 50
0.0
 51
0.0
 72
   100
 90
   557152
  1

281
     0
 71
     1
 74
     0
110
0.0
120
0.0
130
0.0
111
1.0
121
0.0
131
0.0
112
0.0
122
1.0
132
0.0
 79
     0
146
0.0
  0
MTEXT
  5
4E6
330
234
100
AcDbEntity
  8
0
  6
Continuous
 62
     7
100
AcDbMText
 10
-6.6653281673
 20
-113.184894559
 30
0.0
 40
4.83362
 41
0.0
 71
     1
 72
     1
  1
SOLIDWORKS Educational Product.
  7
SLDTEXTSTYLE0
 73
     1
 44
1.0
  0
MTEXT
  5
4E7
330
234
100
AcDbEntity
  8
0
  6
Continuous
 62
     7
100
AcDbMText
 10
-6.6653281673
 20
-120.435324559
 30
0.0
 40
4.83362
 41
0.0
 71
     1
 72
     1
  1
For Instructional Use Only.
  7
SLDTEXTSTYLE0
 73
     1
 44
1.0
  0
ENDBLK
  5
237
330
234
100
AcDbEntity
  8
0
100
AcDbBlockEnd
  0
BLOCK
  5
29C
330
29A
100
AcDbEntity
  8
0
100
AcDbBlockBegin
  2
*Paper_Space5
 70
     0
 10
0.0
 20
0.0
 30
0.0
  3
*Paper_Space5
  1

  0
SPLINE
  5
2A0
330
29A
100
AcDbEntity
  8
0
  6
Continuous
 62
     7
370
    25
100
AcDbSpline
210
0.0
220
0.0
230
1.0
 70
     8
 71
     3
 72
    50
 73
    46
 74
     0
 42
0.00000001
 43
0.00000001
 40
0.0
 40
0.0
 40
0.0
 40
0.0
 40
0.0006686943305037
 40
0.0246245798851884
 40
0.0485360527521323
 40
0.0724111247814875
 40
0.0962578102688102
 40
0.1200834731887876
 40
0.1438944895090482
 40
0.1676961338051599
 40
0.1914926070239627
 40
0.215287141369039
 40
0.2390816134046837
 40
0.2628777574727793
 40
0.2866769082409371
 40
0.3104799283289663
 40
0.3342873139158259
 40
0.3580992816045347
 40
0.3819158380375134
 40
0.4057368345665875
 40
0.4295620094519377
 40
0.4533910199271212
 40
0.4772234661907884
 40
0.5010589090666291
 40
0.5248968827633725
 40
0.5487369038912211
 40
0.5725784776589488
 40
0.5964211019885459
 40
0.6202642701384199
 40
0.6441074723178579
 40
0.6679500364282538
 40
0.6917914395565844
 40
0.7156311688667844
 40
0.739468713093405
 40
0.7633035651012485
 40
0.7871352259208646
 40
0.8109632108503357
 40
0.8347870583626599
 40
0.8586063427471672
 40
0.8824206916477894
 40
0.9062298099403813
 40
0.9300335117066523
 40
0.9538317623898854
 40
0.9776247335073873
 40
0.9999999999999999
 40
0.9999999999999999
 40
0.9999999999999999
 40
0.9999999999999999
 10
132.8000441495267
 20
87.30041036205304
 30
0.0
 10
132.7915113629848
 20
87.28549013912165
 30
0.0
 10
132.4772926321559
 20
86.73605491181361
 30
0.0
 10
131.7325772112237
 20
85.67421129975449
 30
0.0
 10
130.5584269447502
 20
84.122410683602
 30
0.0
 10
129.2391479749189
 20
82.6071307915722
 30
0.0
 10
127.7980613665128
 20
81.12828988356677
 30
0.0
 10
126.2328295195996
 20
79.69005213359611
 30
0.0
 10
124.5483061357868
 20
78.2954247363132
 30
0.0
 10
122.7477748059856
 20
76.94768910222204
 30
0.0
 10
120.8353061768369
 20
75.64999554858892
 30
0.0
 10
118.8151447303747
 20
74.40545495419516
 30
0.0
 10
116.6918595095725
 20
73.21707918337471
 30
0.0
 10
114.4702834061021
 20
72.08776702521
 30
0.0
 10
112.1554934558062
 20
71.02027972656465
 30
0.0
 10
109.752808107646
 20
70.01723805757437
 30
0.0
 10
107.2677777501371
 20
69.0811130438832
 30
0.0
 10
104.7061674776429
 20
68.21421565955063
 30
0.0
 10
102.073939766598
 20
67.4186882474962
 30
0.0
 10
99.37723695436526
 20
66.69649744814515
 30
0.0
 10
96.62236377049506
 20
66.04942836427541
 30
0.0
 10
93.815769967724
 20
65.47907974995867
 30
0.0
 10
90.96403308742832
 20
64.98686004709748
 30
0.0
 10
88.07384135848437
 20
64.57398413254892
 30
0.0
 10
85.15197671752844
 20
64.2414706708845
 30
0.0
 10
82.20529793280113
 20
63.99013999435109
 30
0.0
 10
79.24072381374516
 20
63.82061245228961
 30
0.0
 10
76.26521649020559
 20
63.73330718814108
 30
0.0
 10
73.28576474980484
 20
63.72844131399272
 30
0.0
 10
70.30937408808131
 20
63.80602928783411
 30
0.0
 10
67.34304378141395
 20
63.96588214843641
 30
0.0
 10
64.39374967386367
 20
64.20760776584665
 30
0.0
 10
61.46842100801136
 20
64.53061248536187
 30
0.0
 10
58.57393013714139
 20
64.93410199909124
 30
0.0
 10
55.71707653166715
 20
65.41708272705837
 30
0.0
 10
52.9045698587249
 20
65.97836332437639
 30
0.0
 10
50.14301486051224
 20
66.61655760343568
 30
0.0
 10
47.43888932404856
 20
67.33008411162139
 30
0.0
 10
44.79854750304669
 20
68.11718032648996
 30
0.0
 10
42.2281281045203
 20
68.97586475195502
 30
0.0
 10
39.73381769888388
 20
69.90409625687042
 30
0.0
 10
37.32078731781659
 20
70.89920099771388
 30
0.0
 10
34.99707823485861
 20
71.96003611002693
 30
0.0
 10
32.80332223147462
 20
73.05680083651157
 30
0.0
 10
31.43367323461912
 20
73.82707477656002
 30
0.0
 10
30.76987788759319
 20
74.20038520756336
 30
0.0
  0
SPLINE
  5
2A1
330
29A
100
AcDbEntity
  8
0
  6
Continuous
 62
     7
370
    25
100
AcDbSpline
210
0.0
220
0.0
230
1.0
 70
     8
 71
     3
 72
    17
 73
    13
 74
     0
 42
0.00000001
 43
0.00000001
 40
0.0
 40
0.0
 40
0.0
 40
0.0
 40
0.0553756528625118
 40
0.1607402214885274
 40
0.2660986199295578
 40
0.3714558894639901
 40
0.4768227781192115
 40
0.5822153797989466
 40
0.6876543984915042
 40
0.7931655367594963
 40
0.8987794536389425
 40
1.0
 40
1.0
 40
1.0
 40
1.0
 10
30.76987788759319
 20
74.20038520756336
 30
0.0
 10
30.40682297204005
 20
74.41318411617816
 30
0.0
 10
29.35297485428682
 20
75.03088055739539
 30
0.0
 10
27.68778674822563
 20
76.09576662631524
 30
0.0
 10
25.81407357285746
 20
77.40958809190862
 30
0.0
 10
24.05541510056551
 20
78.77268493221361
 30
0.0
 10
22.41391496786838
 20
80.1807078202231
 30
0.0
 10
20.89385129645124
 20
81.6305745963715
 30
0.0
 10
19.4973409574985
 20
83.1186368140376
 30
0.0
 10
18.23097070376283
 20
84.64211394577815
 30
0.0
 10
17.10006468605367
 20
86.17313107872504
 30
0.0
 10
16.46214717545306
 20
87.20797658743544
 30
0.0
 10
16.14996342258787
 20
87.71440876585415
 30
0.0
  0
LWPOLYLINE
  5
2A9
330
29A
100
AcDbEntity
  8
0
  6
Continuous
 62
     7
370
    25
100
AcDbPolyline
 90
       30
 70
   128
 43
0.0
 10
31.7469452403
 20
127.6986593044
 10
34.2187853378
 20
128.8991610568
 10
36.7913898892
 20
130.0269055325
 10
39.4583393602
 20
131.0790786205
 10
42.2129787931
 20
132.0530547865
 10
45.0484344137
 20
132.9464036247
 10
47.9576307838
 20
133.7568959218
 10
50.9333084562
 20
134.4825092205
 10
53.9680420904
 20
135.1214328657
 10
57.0542589805
 20
135.6720725228
 10
60.1842579525
 20
136.1330541562
 10
63.3502285808
 20
136.5032274579
 10
66.5442706783
 20
136.7816687181
 10
69.7584140097
 20
136.9676831298
 10
72.9846381804
 20
137.0608065232
 10
76.2148926499
 20
137.0608065232
 10
79.4411168206
 20
136.9676831298
 10
82.6552601521
 20
136.7816687181
 10
85.8493022495
 20
136.5032274579
 10
89.0152728779
 20
136.1330541562
 10
92.1452718498
 20
135.6720725228
 10
95.23148874
 20
135.1214328657
 10
98.2662223741
 20
134.4825092205
 10
101.2419000466
 20
133.7568959218
 10
104.1510964166
 20
132.9464036247
 10
106.9865520373
 20
132.0530547865
 10
109.7411914702
 20
131.0790786205
 10
112.4081409411
 20
130.0269055325
 10
114.9807454926
 20
128.8991610568
 10
117.4525855901
 20
127.6986593044
  0
LWPOLYLINE
  5
2AA
330
29A
100
AcDbEntity
  8
0
  6
Continuous
 62
     7
370
    25
100
AcDbPolyline
 90
       93
 70
   128
 43
0.0
 10
123.0274483046
 20
124.4803595627
 10
125.1044576801
 20
123.0552348608
 10
127.0557582706
 20
121.5720821975
 10
128.8764931884
 20
120.0345932164
 10
130.5621305302
 20
118.4465948069
 10
132.1084746577
 20
116.8120395789
 10
133.5116766406
 20
115.1349960248
 10
134.7682438369
 20
113.4196383925
 10
135.8750485858
 20
111.6702362956
 10
136.8293359933
 20
109.8911440863
 10
137.6287307887
 20
108.0867900168
 10
138.2712432373
 20
106.2616652175
 10
138.7552740923
 20
104.4203125183
 10
139.0796185759
 20
102.5673151409
 10
139.2434693781
 20
100.7072852915
 10
139.2464186657
 20
98.8448526803
 10
139.0884590977
 20
96.9846529982
 10
138.7699838438
 20
95.1313163783
 10
138.2917856052
 20
93.2894558709
 10
137.655054642
 20
91.4636559618
 10
136.8613758105
 20
89.6584611614
 10
135.9127246182
 20
87.8783646926
 10
134.8114623069
 20
86.1277973073
 10
133.5603299752
 20
84.411116258
 10
132.1624417562
 20
82.7325944526
 10
130.6212770657
 20
81.0964098184
 10
128.9406719422
 20
79.5066349033
 10
127.1248094985
 20
77.9672267391
 10
125.17820951
 20
76.4820169923
 10
123.1057171643
 20
75.0547024264
 10
120.9124910021
 20
73.6888357011
 10
118.6039900762
 20
72.3878165291
 10
116.1859603647
 20
71.1548832144
 10
113.6644204682
 20
69.9931045914
 10
111.0456466297
 20
68.9053723872
 10
108.3361571123
 20
67.8943940234
 10
105.5426959753
 20
66.9626858772
 10
102.6722162876
 20
66.1125670183
 10
99.7318628212
 20
65.3461534364
 10
96.7289542676
 20
64.6653527744
 10
93.6709650211
 20
64.0718595804
 10
90.5655065749
 20
63.5671510895
 10
87.4203085751
 20
63.1524835472
 10
84.2431995818
 20
62.8288890824
 10
81.0420875834
 20
62.5971731384
 10
77.8249403126
 20
62.4579124681
 10
74.5997654152
 20
62.4114536986
 10
71.3745905177
 20
62.4579124681
 10
68.157443247
 20
62.5971731384
 10
64.9563312485
 20
62.8288890824
 10
61.7792222553
 20
63.1524835472
 10
58.6340242555
 20
63.5671510895
 10
55.5285658092
 20
64.0718595804
 10
52.4705765628
 20
64.6653527744
 10
49.4676680092
 20
65.3461534364
 10
46.5273145428
 20
66.1125670183
 10
43.6568348551
 20
66.9626858772
 10
40.8633737181
 20
67.8943940234
 10
38.1538842007
 20
68.9053723872
 10
35.5351103622
 20
69.9931045914
 10
33.0135704657
 20
71.1548832144
 10
30.5955407541
 20
72.3878165291
 10
28.2870398283
 20
73.6888357011
 10
26.093813666
 20
75.0547024264
 10
24.0213213204
 20
76.4820169923
 10
22.0747213318
 20
77.9672267391
 10
20.2588588881
 20
79.5066349033
 10
18.5782537646
 20
81.0964098184
 10
17.0370890741
 20
82.7325944526
 10
15.6392008551
 20
84.411116258
 10
14.3880685235
 20
86.1277973073
 10
13.2868062122
 20
87.8783646926
 10
12.3381550199
 20
89.6584611614
 10
11.5444761883
 20
91.4636559618
 10
10.9077452252
 20
93.2894558709
 10
10.4295469866
 20
95.1313163783
 10
10.1110717326
 20
96.9846529983
 10
9.9531121647
 20
98.8448526803
 10
9.9560614523
 20
100.7072852915
 10
10.1199122545
 20
102.5673151409
 10
10.4442567381
 20
104.4203125183
 10
10.9282875931
 20
106.2616652175
 10
11.5708000416
 20
108.0867900168
 10
12.3701948371
 20
109.8911440863
 10
13.3244822446
 20
111.6702362956
 10
14.4312869935
 20
113.4196383925
 10
15.6878541897
 20
115.1349960248
 10
17.0910561727
 20
116.8120395789
 10
18.6374003002
 20
118.4465948069
 10
20.323037642
 20
120.0345932164
 10
22.1437725597
 20
121.5720821975
 10
24.0950731503
 20
123.0552348608
 10
26.1720825257
 20
124.4803595627
  0
SPLINE
  5
2AB
330
29A
100
AcDbEntity
  8
0
  6
Continuous
 62
     7
370
    25
100
AcDbSpline
210
0.0
220
0.0
230
1.0
 70
     8
 71
     3
 72
    62
 73
    58
 74
     0
 42
0.00000001
 43
0.00000001
 40
0.0
 40
0.0
 40
0.0
 40
0.0
 40
0.1249999999999998
 40
0.1249999999999998
 40
0.1874999999999998
 40
0.1874999999999998
 40
0.2499999999999997
 40
0.2499999999999997
 40
0.3124999999999997
 40
0.3124999999999997
 40
0.3437499999999997
 40
0.3437499999999997
 40
0.3749999999999998
 40
0.3749999999999998
 40
0.4062499999999999
 40
0.4062499999999999
 40
0.4374999999999999
 40
0.4374999999999999
 40
0.4531250000000001
 40
0.4531250000000001
 40
0.4687500000000002
 40
0.4687500000000002
 40
0.4765625000000002
 40
0.4765625000000002
 40
0.4843750000000002
 40
0.4843750000000002
 40
0.4921875000000002
 40
0.4921875000000002
 40
0.5000000000000002
 40
0.5000000000000002
 40
0.5078125000000002
 40
0.5078125000000002
 40
0.5156250000000002
 40
0.5156250000000002
 40
0.5234375000000002
 40
0.5234375000000002
 40
0.5312500000000002
 40
0.5312500000000002
 40
0.5468750000000001
 40
0.5468750000000001
 40
0.5625000000000001
 40
0.5625000000000001
 40
0.59375
 40
0.59375
 40
0.6249999999999998
 40
0.6249999999999998
 40
0.6562499999999997
 40
0.6562499999999997
 40
0.6874999999999994
 40
0.6874999999999994
 40
0.7499999999999996
 40
0.7499999999999996
 40
0.8124999999999998
 40
0.8124999999999998
 40
0.8749999999999999
 40
0.8749999999999999
 40
1.0
 40
1.0
 40
1.0
 40
1.0
 10
109.7184557521187
 20
24.67750128603641
 30
0.0
 10
110.9054333606155
 20
27.91908711440937
 30
0.0
 10
112.01589973846
 20
31.07495110363229
 30
0.0
 10
113.5196887141255
 20
35.65770182503071
 30
0.0
 10
113.9938692145788
 20
37.16043509095781
 30
0.0
 10
114.8732726710195
 20
40.10519028201081
 30
0.0
 10
115.2789637108667
 20
41.54819421219539
 30
0.0
 10
115.9988488245096
 20
44.35873781322675
 30
0.0
 10
116.3133959780759
 20
45.72552834817945
 30
0.0
 10
116.6849203144085
 20
47.69709367514624
 30
0.0
 10
116.7917990374523
 20
48.34089744062445
 30
0.0
 10
116.9613573147117
 20
49.59200433827169
 30
0.0
 10
117.0242865106791
 20
50.19981120187394
 30
0.0
 10
117.0897723558307
 20
51.36781274214076
 30
0.0
 10
117.0925975593683
 20
51.92729016734265
 30
0.0
 10
117.0075594111951
 20
52.96779034169709
 30
0.0
 10
116.9214956040371
 20
53.45148354864288
 30
0.0
 10
116.6708529052082
 20
54.07393766521881
 30
0.0
 10
116.5672163498254
 20
54.26241390831546
 30
0.0
 10
116.2999211509071
 20
54.5829961619201
 30
0.0
 10
116.1358130244881
 20
54.71544661465758
 30
0.0
 10
115.8241017540875
 20
54.83990057849208
 30
0.0
 10
115.7089819254313
 20
54.86912393382256
 30
0.0
 10
115.4485467758889
 20
54.89463243551125
 30
0.0
 10
115.3014916593594
 20
54.89062440232367
 30
0.0
 10
114.9752578408877
 20
54.83745788390944
 30
0.0
 10
114.7963784309255
 20
54.78879361447516
 30
0.0
 10
114.3978151353497
 20
54.63436988007315
 30
0.0
 10
114.1844544846401
 20
54.53069503577964
 30
0.0
 10
113.7342248959604
 20
54.27058065228979
 30
0.0
 10
113.4935821185234
 20
54.11128498689425
 30
0.0
 10
113.0140137542393
 20
53.75880888442104
 30
0.0
 10
112.770216178197
 20
53.5625614490951
 30
0.0
 10
112.2908362981936
 20
53.14976701745666
 30
0.0
 10
112.0569889576191
 20
52.93509646559338
 30
0.0
 10
111.5978900970404
 20
52.4935930044554
 30
0.0
 10
111.3715870365097
 20
52.26557983702726
 30
0.0
 10
110.7108503803449
 20
51.57561012012604
 30
0.0
 10
110.29749266314
 20
51.11196030738163
 30
0.0
 10
109.5027186756455
 20
50.18019345650856
 30
0.0
 10
109.120726319553
 20
49.7107043168741
 30
0.0
 10
108.0161922679859
 20
48.30668539151757
 30
0.0
 10
107.3382624570189
 20
47.38250590946137
 30
0.0
 10
106.0468422876108
 20
45.54619481076628
 30
0.0
 10
105.4341289087667
 20
44.63345201492757
 30
0.0
 10
104.2614064295654
 20
42.82663817745065
 30
0.0
 10
103.7005925160197
 20
41.9310926137445
 30
0.0
 10
102.6171891335934
 20
40.15100489055884
 30
0.0
 10
102.0958307894609
 20
39.26831819830638
 30
0.0
 10
100.5812392643193
 20
36.63833627506016
 30
0.0
 10
99.63636517650832
 20
34.90804975692173
 30
0.0
 10
97.8413038335085
 20
31.47669259573598
 30
0.0
 10
96.9930329030568
 20
29.77846548252919
 30
0.0
 10
95.37828887459884
 20
26.40978513657269
 30
0.0
 10
94.61138433273027
 20
24.73808169206829
 30
0.0
 10
92.42102247373488
 20
19.75977312469162
 30
0.0
 10
91.10626897027264
 20
16.4888969499924
 30
0.0
 10
89.91946587889532
 20
13.2477877205185
 30
0.0
  0
SPLINE
  5
2AC
330
29A
100
AcDbEntity
  8
0
  6
Continuous
 62
     7
370
    25
100
AcDbSpline
210
0.0
220
0.0
230
1.0
 70
     8
 71
     3
 72
    10
 73
     6
 74
     0
 42
0.00000001
 43
0.00000001
 40
0.0
 40
0.0
 40
0.0
 40
0.0
 40
0.5
 40
0.5
 40
1.0
 40
1.0
 40
1.0
 40
1.0
 10
89.91946587889531
 20
13.24778772051848
 30
0.0
 10
89.1444714897982
 20
11.13131070293841
 30
0.0
 10
88.4892570865672
 20
9.045985161770464
 30
0.0
 10
87.39032724179451
 20
4.919205233489793
 30
0.0
 10
86.94671150804528
 20
2.877803729425234
 30
0.0
 10
86.60664237895705
 20
0.8564389400933653
 30
0.0
  0
LWPOLYLINE
  5
2AE
330
29A
100
AcDbEntity
  8
0
  6
Continuous
 62
     7
370
    25
100
AcDbPolyline
 90
       26
 70
   128
 43
0.0
 10
43.2867931609
 20
13.8212989853
 10
43.3953128217
 20
13.5640890804
 10
44.0311786335
 20
12.2952131669
 10
44.8216558748
 20
11.0556356716
 10
45.7627464276
 20
9.8516261957
 10
46.8496903939
 20
8.6892744427
 10
48.0769901705
 20
7.5744594173
 10
49.4384382551
 20
6.5128196903
 10
50.9271486429
 20
5.5097248799
 10
52.5355916551
 20
4.5702484926
 10
54.2556320228
 20
3.699142262
 10
56.0785700341
 20
2.9008121158
 10
57.9951855357
 20
2.1792958909
 10
59.9957845675
 20
1.5382429104
 10
62.070248393
 20
0.9808955264
 10
64.2080846783
 20
0.5100727202
 10
66.3984805609
 20
0.1281558445
 10
68.6303573398
 20
-0.1629234211
 10
70.8924265094
 20
-0.3616928404
 10
73.1732468555
 20
-0.4671470668
 10
75.4612823234
 20
-0.4787527284
 10
77.744960365
 20
-0.3964511253
 10
80.0127304718
 20
-0.220658527
 10
82.2531225951
 20
0.0477359333
 10
84.45480516
 20
0.4073747558
 10
86.606642379
 20
0.8564389401
  0
SPLINE
  5
2AF
330
29A
100
AcDbEntity
  8
0
  6
Continuous
 62
     7
370
    25
100
AcDbSpline
210
0.0
220
0.0
230
1.0
 70
     8
 71
     3
 72
    10
 73
     6
 74
     0
 42
0.00000001
 43
0.00000001
 40
0.0
 40
0.0
 40
0.0
 40
0.0
 40
0.5
 40
0.5
 40
1.0
 40
1.0
 40
1.0
 40
1.0
 10
104.4487169139643
 20
11.15644932726739
 30
0.0
 10
105.4192003537834
 20
13.54174455170702
 30
0.0
 10
106.34638131819
 20
15.8623023214219
 30
0.0
 10
108.108470109965
 20
20.37191576096668
 30
0.0
 10
108.9434613630216
 20
22.56102426845631
 30
0.0
 10
109.7184557521187
 20
24.6775012860364
 30
0.0
  0
SPLINE
  5
2B0
330
29A
100
AcDbEntity
  8
0
  6
Continuous
 62
     7
370
    25
100
AcDbSpline
210
0.0
220
0.0
230
1.0
 70
     8
 71
     3
 72
    12
 73
     8
 74
     0
 42
0.00000001
 43
0.00000001
 40
0.0
 40
0.0
 40
0.0
 40
0.0
 40
0.2499999999999949
 40
0.2499999999999949
 40
0.4999999999999899
 40
0.4999999999999899
 40
1.0
 40
1.0
 40
1.0
 40
1.0
 10
123.0274483046354
 20
124.4803595627209
 30
0.0
 10
122.940879658423
 20
124.5368359907211
 30
0.0
 10
122.8760810017758
 20
124.6024893119545
 30
0.0
 10
122.7944555474853
 20
124.7443826987616
 30
0.0
 10
122.7784396309377
 20
124.8200455817482
 30
0.0
 10
122.803768666147
 20
125.0428993501998
 30
0.0
 10
122.919217389571
 20
125.1869545916083
 30
0.0
 10
123.1037147234864
 20
125.2934626353902
 30
0.0
  0
SPLINE
  5
2B1
330
29A
100
AcDbEntity
  8
0
  6
Continuous
 62
     7
370
    25
100
AcDbSpline
210
0.0
220
0.0
230
1.0
 70
     8
 71
     3
 72
    14
 73
    10
 74
     0
 42
0.00000001
 43
0.00000001
 40
0.0
 40
0.0
 40
0.0
 40
0.0
 40
0.25
 40
0.25
 40
0.5
 40
0.5
 40
0.75
 40
0.75
 40
1.0
 40
1.0
 40
1.0
 40
1.0
 10
26.09581610687513
 20
125.2934626353902
 30
0.0
 10
26.1881694816242
 20
125.2401481669779
 30
0.0
 10
26.2623548868207
 20
125.1788597558573
 30
0.0
 10
26.37142458912067
 20
125.0422980169387
 30
0.0
 10
26.40401548809934
 20
124.9695505932356
 30
0.0
 10
26.42119405896225
 20
124.8198699812672
 30
0.0
 10
26.40519620358974
 20
124.7447438361366
 30
0.0
 10
26.3237202574643
 20
124.6028091986383
 30
0.0
 10
26.25876694178695
 20
124.5369115176907
 30
0.0
 10
26.17208252572611
 20
124.4803595627209
 30
0.0
  0
SPLINE
  5
2B7
330
29A
100
AcDbEntity
  8
0
  6
Continuous
 62
     7
370
    25
100
AcDbSpline
210
0.0
220
0.0
230
1.0
 70
     8
 71
     3
 72
    12
 73
     8
 74
     0
 42
0.00000001
 43
0.00000001
 40
0.0
 40
0.0
 40
0.0
 40
0.0
 40
0.25
 40
0.25
 40
0.5
 40
0.5
 40
1.0
 40
1.0
 40
1.0
 40
1.0
 10
31.74694524030451
 20
127.6986593044109
 30
0.0
 10
31.64911459742421
 20
127.6486842887006
 30
0.0
 10
31.53538738678213
 20
127.6112768204585
 30
0.0
 10
31.28959419937064
 20
127.5641554487031
 30
0.0
 10
31.1585280404994
 20
127.5549096568825
 30
0.0
 10
30.77249216309156
 20
127.5695317976677
 30
0.0
 10
30.52295412790978
 20
127.6361789270764
 30
0.0
 10
30.3384567939944
 20
127.7426869708583
 30
0.0
  0
SPLINE
  5
2B8
330
29A
100
AcDbEntity
  8
0
  6
Continuous
 62
     7
370
    25
100
AcDbSpline
210
0.0
220
0.0
230
1.0
 70
     8
 71
     3
 72
    14
 73
    10
 74
     0
 42
0.00000001
 43
0.00000001
 40
0.0
 40
0.0
 40
0.0
 40
0.0
 40
0.25
 40
0.25
 40
0.5
 40
0.5
 40
0.75
 40
0.75
 40
1.0
 40
1.0
 40
1.0
 40
1.0
 10
118.8610740363671
 20
127.7426869708583
 30
0.0
 10
118.768720661618
 20
127.689372502446
 30
0.0
 10
118.6625545163191
 20
127.64654617961
 30
0.0
 10
118.4259970146441
 20
127.5835815807114
 30
0.0
 10
118.2999811265867
 20
127.5647672552052
 30
0.0
 10
118.0406986079486
 20
127.5548502773348
 30
0.0
 10
117.9105622070555
 20
127.5640856426611
 30
0.0
 10
117.6646975636083
 20
127.6111207051899
 30
0.0
 10
117.5505470636618
 20
127.6486174561896
 30
0.0
 10
117.452585590057
 20
127.6986593044109
 30
0.0
  0
LWPOLYLINE
  5
2BE
330
29A
100
AcDbEntity
  8
0
  6
Continuous
 62
     7
370
    25
100
AcDbPolyline
 90
       20
 70
   128
 43
0.0
 10
27.8914629013
 20
127.9919249173
 10
27.4695043484
 20
128.1658458966
 10
26.9725856152
 20
128.2512493307
 10
26.454555557
 20
128.2388804325
 10
25.9715507686
 20
128.130079564
 10
25.5759123135
 20
127.9366369874
 10
25.3105137573
 20
127.6795152076
 10
25.2041151515
 20
127.386577359
 10
25.2682464361
 20
127.0895678029
 10
25.4959579912
 20
126.8206721334
 10
25.8625737367
 20
126.6090293685
 10
26.3283651677
 20
126.4775742858
 10
26.8428565554
 20
126.4405520832
 10
27.3502947746
 20
126.5019746909
 10
27.7956910206
 20
126.6551860163
 10
28.1307796991
 20
126.8835832348
 10
28.3192487523
 20
127.162415964
 10
28.340674634
 20
127.4614683511
 10
28.1927355174
 20
127.7483334297
 10
27.8914629013
 20
127.9919249173
  0
LWPOLYLINE
  5
2BF
330
29A
100
AcDbEntity
  8
0
  6
Continuous
 62
     7
370
    25
100
AcDbPolyline
 90
       20
 70
   128
 43
0.0
 10
121.3080679291
 20
126.7060821412
 10
121.730026482
 20
126.5321611619
 10
122.2269452152
 20
126.4467577278
 10
122.7449752734
 20
126.459126626
 10
123.2279800617
 20
126.5679274945
 10
123.6236185168
 20
126.7613700711
 10
123.8890170731
 20
127.0184918509
 10
123.9954156789
 20
127.3114296995
 10
123.9312843943
 20
127.6084392556
 10
123.7035728391
 20
127.8773349251
 10
123.3369570937
 20
128.08897769
 10
122.8711656626
 20
128.2204327727
 10
122.356674275
 20
128.2574549753
 10
121.8492360558
 20
128.1960323676
 10
121.4038398098
 20
128.0428210422
 10
121.0687511313
 20
127.8144238237
 10
120.880282078
 20
127.5355910945
 10
120.8588561963
 20
127.2365387074
 10
121.0067953129
 20
126.9496736288
 10
121.3080679291
 20
126.7060821412
  0
LWPOLYLINE
  5
2C0
330
29A
100
AcDbEntity
  8
0
  6
Continuous
 62
     7
370
    25
100
AcDbPolyline
 90
      125
 70
   128
 43
0.0
 10
30.2699185213
 20
74.1508771571
 10
28.0815456619
 20
75.479889843
 10
26.0125844056
 20
76.8711828972
 10
24.068345746
 20
78.3211848904
 10
22.253820516
 20
79.8261736882
 10
20.5736665757
 20
81.382286006
 10
19.0321968564
 20
82.9855273258
 10
17.6333682886
 20
84.63178215
 10
16.3807716452
 20
86.3168245663
 10
15.2776223238
 20
88.0363290948
 10
14.326752093
 20
89.7858817921
 10
13.5306018229
 20
91.5609915816
 10
12.8912152198
 20
93.3571017818
 10
12.4102335801
 20
95.1696018036
 10
12.0888915767
 20
96.9938389855
 10
11.9280140899
 20
98.8251305368
 10
11.9280140899
 20
100.6587755583
 10
12.0888915767
 20
102.4900671096
 10
12.4102335801
 20
104.3143042915
 10
12.8912152198
 20
106.1268043133
 10
13.5306018229
 20
107.9229145135
 10
14.326752093
 20
109.698024303
 10
15.2776223238
 20
111.4475770003
 10
16.3807716452
 20
113.1670815288
 10
17.6333682886
 20
114.8521239451
 10
19.0321968564
 20
116.4983787694
 10
20.5736665758
 20
118.1016200891
 10
22.253820516
 20
119.6577324069
 10
24.068345746
 20
121.1627212047
 10
26.0125844056
 20
122.6127231979
 10
28.0815456619
 20
124.0040162521
 10
30.2699185213
 20
125.333028938
 10
32.5720854618
 20
126.5963496992
 10
34.982136854
 20
127.7907356093
 10
37.4938861305
 20
128.9131206968
 10
40.100885667
 20
129.9606238154
 10
42.7964433329
 20
130.9305560395
 10
45.5736396706
 20
131.820427567
 10
48.4253456567
 20
132.6279541105
 10
51.344241003
 20
133.3510627609
 10
54.3228329469
 20
133.9878973088
 10
57.3534754856
 20
134.5368230088
 10
60.4283890032
 20
134.9964307767
 10
63.5396802409
 20
135.3655408059
 10
66.6793625585
 20
135.6432055963
 10
69.8393764367
 20
135.8287123862
 10
73.0116101651
 20
135.9215849825
 10
76.1879206653
 20
135.9215849825
 10
79.3601543937
 20
135.8287123862
 10
82.5201682719
 20
135.6432055963
 10
85.6598505895
 20
135.3655408059
 10
88.7711418271
 20
134.9964307767
 10
91.8460553448
 20
134.5368230088
 10
94.8766978835
 20
133.9878973088
 10
97.8552898274
 20
133.3510627609
 10
100.7741851736
 20
132.6279541105
 10
103.6258911598
 20
131.820427567
 10
106.4030874974
 20
130.9305560395
 10
109.0986451634
 20
129.9606238154
 10
111.7056446999
 20
128.9131206968
 10
114.2173939764
 20
127.7907356093
 10
116.6274453686
 20
126.5963496992
 10
118.9296123091
 20
125.333028938
 10
121.1179851684
 20
124.0040162521
 10
123.1869464248
 20
122.6127231979
 10
125.1311850844
 20
121.1627212047
 10
126.9457103144
 20
119.6577324069
 10
128.6258642546
 20
118.1016200891
 10
130.167333974
 20
116.4983787694
 10
131.5661625418
 20
114.8521239451
 10
132.8187591852
 20
113.1670815288
 10
133.9219085065
 20
111.4475770003
 10
134.8727787374
 20
109.698024303
 10
135.6689290075
 20
107.9229145135
 10
136.3083156105
 20
106.1268043133
 10
136.7892972502
 20
104.3143042915
 10
137.1106392536
 20
102.4900671096
 10
137.2715167404
 20
100.6587755583
 10
137.2715167404
 20
98.8251305368
 10
137.1106392536
 20
96.9938389855
 10
136.7892972502
 20
95.1696018036
 10
136.3083156105
 20
93.3571017818
 10
135.6689290075
 20
91.5609915816
 10
134.8727787374
 20
89.7858817921
 10
133.9219085065
 20
88.0363290948
 10
132.8187591852
 20
86.3168245663
 10
131.5661625418
 20
84.63178215
 10
130.1673339739
 20
82.9855273258
 10
128.6258642546
 20
81.382286006
 10
126.9457103144
 20
79.8261736882
 10
125.1311850844
 20
78.3211848904
 10
123.1869464248
 20
76.8711828972
 10
121.1179851684
 20
75.479889843
 10
118.9296123091
 20
74.1508771571
 10
116.6274453686
 20
72.8875563959
 10
114.2173939764
 20
71.6931704858
 10
111.7056446999
 20
70.5707853983
 10
109.0986451634
 20
69.5232822797
 10
106.4030874974
 20
68.5533500556
 10
103.6258911598
 20
67.6634785281
 10
100.7741851736
 20
66.8559519846
 10
97.8552898274
 20
66.1328433342
 10
94.8766978835
 20
65.4960087863
 10
91.8460553448
 20
64.9470830863
 10
88.7711418271
 20
64.4874753184
 10
85.6598505895
 20
64.1183652892
 10
82.5201682719
 20
63.8407004988
 10
79.3601543937
 20
63.6551937089
 10
76.1879206653
 20
63.5623211126
 10
73.0116101651
 20
63.5623211126
 10
69.8393764367
 20
63.6551937089
 10
66.6793625585
 20
63.8407004988
 10
63.5396802409
 20
64.1183652892
 10
60.4283890032
 20
64.4874753184
 10
57.3534754856
 20
64.9470830863
 10
54.3228329469
 20
65.4960087863
 10
51.344241003
 20
66.1328433342
 10
48.4253456567
 20
66.8559519846
 10
45.5736396706
 20
67.6634785281
 10
42.7964433329
 20
68.5533500556
 10
40.100885667
 20
69.5232822797
 10
37.4938861305
 20
70.5707853983
 10
34.982136854
 20
71.6931704858
 10
32.5720854618
 20
72.8875563959
 10
30.2699185213
 20
74.1508771571
  0
SPLINE
  5
2C3
330
29A
100
AcDbEntity
  8
0
  6
Continuous
 62
     7
370
    25
100
AcDbSpline
210
0.0
220
0.0
230
1.0
 70
     8
 71
     3
 72
    13
 73
     9
 74
     0
 42
0.00000001
 43
0.00000001
 40
0.0
 40
0.0
 40
0.0
 40
0.0
 40
0.0762578452084218
 40
0.2304494021654292
 40
0.3844042835005811
 40
0.5383691505120365
 40
0.7690034197609252
 40
1.0
 40
1.0
 40
1.0
 40
1.0
 10
116.5861413599653
 20
54.10839857533646
 30
0.0
 10
116.5014344242101
 20
53.60834759044376
 30
0.0
 10
116.2454520705164
 20
52.09720535706696
 30
0.0
 10
115.5562418752115
 20
49.36644020789985
 30
0.0
 10
114.6235547234386
 20
45.99532820114955
 30
0.0
 10
113.3629825012504
 20
41.91833682118339
 30
0.0
 10
111.7599497433001
 20
37.11189084326523
 30
0.0
 10
110.3993097153055
 20
33.34678040631415
 30
0.0
 10
109.7184557521187
 20
31.46274766430213
 30
0.0
  0
SPLINE
  5
2C4
330
29A
100
AcDbEntity
  8
0
  6
Continuous
 62
     7
370
    25
100
AcDbSpline
210
0.0
220
0.0
230
1.0
 70
     8
 71
     3
 72
    14
 73
    10
 74
     0
 42
0.00000001
 43
0.00000001
 40
0.0
 40
0.0
 40
0.0
 40
0.0
 40
0.25
 40
0.25
 40
0.5
 40
0.5
 40
0.75
 40
0.75
 40
1.0
 40
1.0
 40
1.0
 40
1.0
 10
109.7184557521187
 20
31.46274766430213
 30
0.0
 10
109.1597016087722
 20
29.93681364528522
 30
0.0
 10
108.5700129224935
 20
28.3743602080518
 30
0.0
 10
107.3406410714723
 20
25.18233346571405
 30
0.0
 10
106.700907457489
 20
23.5527322441362
 30
0.0
 10
105.3769886737813
 20
20.22905230753696
 30
0.0
 10
104.692831246479
 20
18.53498498224518
 30
0.0
 10
103.2798747559972
 20
15.08211867809552
 30
0.0
 10
102.55122719905
 20
13.32339143939504
 30
0.0
 10
101.7960967966795
 20
11.53016744352679
 30
0.0
  0
LWPOLYLINE
  5
2C5
330
29A
100
AcDbEntity
  8
0
  6
Continuous
 62
     7
370
    25
100
AcDbPolyline
 90
       12
 70
   128
 43
0.0
 10
96.7910529417
 20
29.285253942
 10
98.1415848066
 20
28.3249525327
 10
99.3941741283
 20
27.2868054696
 10
100.5096750697
 20
26.1977974675
 10
101.4819200216
 20
25.0639496558
 10
102.3055334381
 20
23.8915310833
 10
102.9759615574
 20
22.6870240567
 10
103.4894975799
 20
21.4570883002
 10
103.843302163
 20
20.208524133
 10
104.0354191198
 20
18.9482348713
 10
104.0647862348
 20
17.6831886593
 10
103.9512560103
 20
16.5421993766
  0
LWPOLYLINE
  5
2C7
330
29A
100
AcDbEntity
  8
0
  6
Continuous
 62
     7
370
    25
100
AcDbPolyline
 90
       12
 70
   128
 43
0.0
 10
101.7960967967
 20
11.5301674435
 10
100.2756661045
 20
11.6068666948
 10
98.7498076991
 20
11.587566221
 10
97.236655642
 20
11.4724953984
 10
95.7541929859
 20
11.2630217861
 10
94.3200380557
 20
10.9616348728
 10
92.9512350629
 20
10.5719164907
 10
91.6640515443
 20
10.0984982473
 10
90.4737850299
 20
9.5470064808
 10
89.3945812399
 20
8.923995394
 10
88.43926597
 20
8.2368691611
 10
88.1853057706
 20
8.0252469375
  0
LWPOLYLINE
  5
2CD
330
29A
100
AcDbEntity
  8
0
  6
Continuous
 62
     7
370
    25
100
AcDbPolyline
 90
        3
 70
   128
 43
0.0
 10
89.5898935148
 20
7.8223716699
 10
88.6119786565
 20
7.1481668648
 10
87.8110540306
 20
6.4596047015
  0
LWPOLYLINE
  5
2D5
330
29A
100
AcDbEntity
  8
0
  6
Continuous
 62
     7
370
    25
100
AcDbPolyline
 90
       20
 70
   128
 43
0.0
 10
117.5034693637
 20
-11.0313961309
 10
117.9254279166
 20
-11.2053171101
 10
118.4223466498
 20
-11.2907205443
 10
118.940376708
 20
-11.2783516461
 10
119.4233814964
 20
-11.1695507775
 10
119.8190199515
 20
-10.9761082009
 10
120.0844185077
 20
-10.7189864211
 10
120.1908171135
 20
-10.4260485725
 10
120.1266858289
 20
-10.1290390165
 10
119.8989742737
 20
-9.8601433469
 10
119.5323585283
 20
-9.648500582
 10
119.0665670972
 20
-9.5170454993
 10
118.5520757096
 20
-9.4800232968
 10
118.0446374904
 20
-9.5414459045
 10
117.5992412444
 20
-9.6946572298
 10
117.2641525659
 20
-9.9230544484
 10
117.0756835127
 20
-10.2018871776
 10
117.054257631
 20
-10.5009395647
 10
117.2021967476
 20
-10.7878046432
 10
117.5034693637
 20
-11.0313961309
  0
LWPOLYLINE
  5
2D6
330
29A
100
AcDbEntity
  8
0
  6
Continuous
 62
     7
370
    25
100
AcDbPolyline
 90
       20
 70
   128
 43
0.0
 10
29.4686751059
 20
-4.7042332642
 10
29.8906336589
 20
-4.8781542435
 10
30.3875523921
 20
-4.9635576776
 10
30.9055824503
 20
-4.9511887794
 10
31.3885872386
 20
-4.8423879109
 10
31.7842256937
 20
-4.6489453343
 10
32.04962425
 20
-4.3918235545
 10
32.1560228558
 20
-4.0988857059
 10
32.0918915712
 20
-3.8018761499
 10
31.864180016
 20
-3.5329804803
 10
31.4975642706
 20
-3.3213377154
 10
31.0317728395
 20
-3.1898826327
 10
30.5172814519
 20
-3.1528604302
 10
30.0098432327
 20
-3.2142830378
 10
29.5644469867
 20
-3.3674943632
 10
29.2293583082
 20
-3.5958915817
 10
29.0408892549
 20
-3.8747243109
 10
29.0194633732
 20
-4.173776698
 10
29.1674024898
 20
-4.4606417766
 10
29.4686751059
 20
-4.7042332642
  0
LWPOLYLINE
  5
2D7
330
29A
100
AcDbEntity
  8
0
  6
Continuous
 62
     7
370
    25
100
AcDbPolyline
 90
       20
 70
   128
 43
0.0
 10
78.966149789
 20
-33.278517178
 10
79.3881083419
 20
-33.4524381573
 10
79.8850270751
 20
-33.5378415914
 10
80.4030571333
 20
-33.5254726932
 10
80.8860619217
 20
-33.4166718247
 10
81.2817003768
 20
-33.2232292481
 10
81.5470989331
 20
-32.9661074683
 10
81.6534975388
 20
-32.6731696197
 10
81.5893662542
 20
-32.3761600636
 10
81.3616546991
 20
-32.1072643941
 10
80.9950389536
 20
-31.8956216292
 10
80.5292475226
 20
-31.7641665465
 10
80.0147561349
 20
-31.7271443439
 10
79.5073179157
 20
-31.7885669516
 10
79.0619216697
 20
-31.941778277
 10
78.7268329912
 20
-32.1701754955
 10
78.538363938
 20
-32.4490082247
 10
78.5169380563
 20
-32.7480606118
 10
78.6648771729
 20
-33.0349256904
 10
78.966149789
 20
-33.278517178
  0
LWPOLYLINE
  5
2DF
330
29A
100
AcDbEntity
  8
0
  6
Continuous
 62
     7
370
    25
100
AcDbPolyline
 90
       27
 70
   128
 43
0.0
 10
42.4264068712
 20
-7.2248933095
 10
42.4877798045
 20
-8.3715587949
 10
42.7078826815
 20
-9.6763492119
 10
43.0868707212
 20
-10.9689264907
 10
43.6228558075
 20
-12.2428510193
 10
44.3131676662
 20
-13.4917761136
 10
45.1543671678
 20
-14.7094796365
 10
46.1422634615
 20
-15.8898949965
 10
47.2719348541
 20
-17.0271413717
 10
48.5377533298
 20
-18.1155530076
 10
49.9334125887
 20
-19.1497074441
 10
51.4519594649
 20
-20.1244525304
 10
53.0858285675
 20
-21.0349320922
 10
54.8268799704
 20
-21.8766101262
 10
56.6664397665
 20
-22.6452933975
 10
58.5953432802
 20
-23.3371523308
 10
60.6039807261
 20
-23.9487400892
 10
62.6823450849
 20
-24.4770097463
 10
64.8200819581
 20
-24.9193294658
 10
67.0065411539
 20
-25.2734956138
 10
69.2308297461
 20
-25.5377437366
 10
71.4818663425
 20
-25.7107573517
 10
73.7484362929
 20
-25.7916745063
 10
76.0192475598
 20
-25.7800920717
 10
78.2829869753
 20
-25.6760677515
 10
80.5283766038
 20
-25.4801197942
 10
82.744229928
 20
-25.1932244114
  0
LWPOLYLINE
  5
2E2
330
29A
100
AcDbEntity
  8
0
  6
Continuous
 62
     7
370
    25
100
AcDbPolyline
 90
       18
 70
   128
 43
0.0
 10
14.1421356237
 20
10.1237790668
 10
12.8975918278
 20
9.3356661647
 10
11.7843217555
 20
8.4846241025
 10
10.8118234345
 20
7.577913671
 10
9.9883938777
 20
6.6232706038
 10
9.3210582956
 20
5.6288395791
 10
8.8155101602
 20
4.6031047318
 10
8.47606263
 20
3.5548172697
 10
8.3056117514
 20
2.4929208121
 10
8.3056117514
 20
1.426475085
 10
8.47606263
 20
0.3645786273
 10
8.8155101602
 20
-0.6837088347
 10
9.3210582956
 20
-1.7094436821
 10
9.9883938777
 20
-2.7038747068
 10
10.8118234345
 20
-3.6585177739
 10
11.7843217555
 20
-4.5652282054
 10
12.8975918278
 20
-5.4162702676
 10
14.1421356237
 20
-6.2043831697
  0
LWPOLYLINE
  5
2E5
330
29A
100
AcDbEntity
  8
0
  6
Continuous
 62
     7
370
    25
100
AcDbPolyline
 90
       18
 70
   128
 43
0.0
 10
135.0573952066
 20
-24.5735656857
 10
136.3019390026
 20
-23.7854527836
 10
137.4152090749
 20
-22.9344107215
 10
138.3877073958
 20
-22.0277002899
 10
139.2111369527
 20
-21.0730572228
 10
139.8784725347
 20
-20.0786261981
 10
140.3840206701
 20
-19.0528913507
 10
140.7234682004
 20
-18.0046038887
 10
140.8939190789
 20
-16.942707431
 10
140.8939190789
 20
-15.8762617039
 10
140.7234682004
 20
-14.8143652463
 10
140.3840206701
 20
-13.7660777843
 10
139.8784725347
 20
-12.7403429369
 10
139.2111369527
 20
-11.7459119122
 10
138.3877073958
 20
-10.791268845
 10
137.4152090749
 20
-9.8845584135
 10
136.3019390026
 20
-9.0335163513
 10
135.0573952066
 20
-8.2454034493
  0
LWPOLYLINE
  5
2F0
330
29A
100
AcDbEntity
  8
0
  6
Continuous
 62
     7
370
    25
100
AcDbPolyline
 90
       20
 70
   128
 43
0.0
 10
117.453971889
 20
-29.5755092406
 10
117.5143148574
 20
-29.9582543164
 10
117.6888046657
 20
-30.2298525159
 10
117.9585326356
 20
-30.36087196
 10
118.2942695565
 20
-30.337114659
 10
118.6596331233
 20
-30.161155085
 10
119.0150305244
 20
-29.8520611882
 10
119.3219489369
 20
-29.4433280884
 10
119.5471289884
 20
-28.9792483591
 10
119.6661689263
 20
-28.5101122398
 10
119.6661689263
 20
-28.0867579087
 10
119.5471289884
 20
-27.7550623763
 10
119.3219489369
 20
-27.5509700005
 10
119.0150305244
 20
-27.4965973569
 10
118.6596331233
 20
-27.5978365653
 10
118.2942695565
 20
-27.8437167864
 10
117.9585326356
 20
-28.2075930831
 10
117.6888046657
 20
-28.6500338126
 10
117.5143148574
 20
-29.1230936565
 10
117.453971889
 20
-29.5755092406
  0
LWPOLYLINE
  5
309
330
29A
100
AcDbEntity
  8
0
  6
Continuous
 62
     7
370
    25
100
AcDbPolyline
 90
       10
 70
   128
 43
0.0
 10
140.9152595829
 20
-18.369182516
 10
140.8939190789
 20
-18.9024053796
 10
140.7234682004
 20
-19.9643018372
 10
140.3840206701
 20
-21.0125892992
 10
139.8784725347
 20
-22.0383241466
 10
139.2111369527
 20
-23.0327551713
 10
138.3877073958
 20
-23.9873982385
 10
137.4152090749
 20
-24.89410867
 10
136.3019390026
 20
-25.7451507322
 10
135.0573952066
 20
-26.5332636342
  0
LWPOLYLINE
  5
30A
330
29A
100
AcDbEntity
  8
0
  6
Continuous
 62
     7
370
    25
100
AcDbPolyline
 90
       10
 70
   128
 43
0.0
 10
14.1421356237
 20
-8.1640811182
 10
12.8975918278
 20
-7.3759682162
 10
11.7843217555
 20
-6.524926154
 10
10.8118234345
 20
-5.6182157224
 10
9.9883938777
 20
-4.6635726553
 10
9.3210582956
 20
-3.6691416306
 10
8.8155101602
 20
-2.6434067832
 10
8.47606263
 20
-1.5951193212
 10
8.3056117514
 20
-0.5332228636
 10
8.2842712475
 20
0.0
  0
LWPOLYLINE
  5
30B
330
29A
100
AcDbEntity
  8
0
  6
Continuous
 62
     7
370
    25
100
AcDbPolyline
 90
       50
 70
   128
 43
0.0
 10
118.2571137971
 20
124.3805879863
 10
115.9709951417
 20
125.6345848344
 10
113.5769436716
 20
126.8195587879
 10
111.0812051938
 20
127.9324183851
 10
108.490290805
 20
128.9702603022
 10
105.8109599051
 20
129.9303769284
 10
103.0502025623
 20
130.8102634288
 10
100.2152212775
 20
131.6076242801
 10
97.3134121931
 20
132.3203792588
 10
94.3523457976
 20
132.9466688687
 10
91.3397471752
 20
133.4848591916
 10
88.2834758518
 20
133.9335461504
 10
85.1915052902
 20
134.2915591721
 10
82.0719020886
 20
134.5579642415
 10
78.9328049356
 20
134.7320663383
 10
75.7824033773
 20
134.81341125
 10
72.6289164515
 20
134.801786757
 10
69.4805712456
 20
134.6972231863
 10
66.3455814329
 20
134.4999933322
 10
63.2321258437
 20
134.210611745
 10
60.1483271282
 20
133.8298333882
 10
57.1022305651
 20
133.358651669
 10
54.1017830726
 20
132.7982958467
 10
51.1548124757
 20
132.1502278257
 10
48.269007084
 20
131.4161383415
 10
45.4518956344
 20
130.5979425497
 10
42.710827649
 20
129.6977750297
 10
40.0529542613
 20
128.7179842159
 10
37.4852095593
 20
127.6611262704
 10
35.0142924958
 20
126.5299584151
 10
32.6466494114
 20
125.3274317378
 10
30.3884572166
 20
124.0566834932
 10
28.2456072768
 20
122.7210289185
 10
26.2236900429
 20
121.3239525838
 10
24.3279804662
 20
119.8690993019
 10
22.5634242365
 20
118.3602646188
 10
20.9346248795
 20
116.801384912
 10
19.4458317467
 20
115.1965271206
 10
18.1009289295
 20
113.5498781354
 10
16.9034251258
 20
111.8657338755
 10
15.8564444861
 20
110.1484880811
 10
14.9627184636
 20
108.4026208502
 10
14.2245786873
 20
106.6326869513
 10
13.6439508796
 20
104.8433039397
 10
13.2223498322
 20
103.0391401115
 10
12.960875454
 20
101.224902324
 10
12.860209902
 20
99.4053237165
 10
12.9206158009
 20
97.5851513618
 10
13.1419355588
 20
95.7691338818
 10
13.2160855789
 20
95.3496629971
  0
LWPOLYLINE
  5
30C
330
29A
100
AcDbEntity
  8
0
  6
Continuous
 62
     7
370
    25
100
AcDbPolyline
 90
       19
 70
   128
 43
0.0
 10
135.9571164668
 20
95.2114888385
 10
136.127986473
 20
96.2224893333
 10
136.3091155158
 20
98.039990334
 10
136.3292519102
 20
99.8604595865
 10
136.1883431224
 20
101.6791476943
 10
135.8867567675
 20
103.4913099077
 10
135.4252796498
 20
105.2922185026
 10
134.8051157104
 20
107.0771751139
 10
134.0278828863
 20
108.8415229937
 10
133.0956088891
 20
110.5806591599
 10
132.0107259152
 20
112.2900464047
 10
130.7760643005
 20
113.9652251319
 10
129.3948451361
 20
115.6018249917
 10
127.8706718651
 20
117.1955762817
 10
126.2075208816
 20
118.7423210868
 10
124.4097311566
 20
120.2380241265
 10
122.4819929182
 20
121.6787832823
 10
120.4293354154
 20
123.0608397781
 10
118.2571137971
 20
124.3805879863
  0
LINE
  5
30F
330
29A
100
AcDbEntity
  8
0
  6
Continuous
 62
     7
370
    25
100
AcDbLine
 10
11.6637301874
 20
91.1665556532
 30
0.0
 11
43.2867931609
 21
13.8212989853
 31
0.0
  0
LINE
  5
310
330
29A
100
AcDbEntity
  8
0
  6
Continuous
 62
     7
370
    25
100
AcDbLine
 10
105.9127376695
 20
13.8212989853
 30
0.0
 11
137.5358006429
 21
91.1665556532
 31
0.0
  0
LINE
  5
311
330
29A
100
AcDbEntity
  8
0
  6
Continuous
 62
     7
370
    25
100
AcDbLine
 10
106.7731239592
 20
-7.2248933095
 30
0.0
 11
106.7731239592
 21
15.9256744679
 31
0.0
  0
LINE
  5
312
330
29A
100
AcDbEntity
  8
0
  6
Continuous
 62
     7
370
    25
100
AcDbLine
 10
42.4264068712
 20
15.9256744679
 30
0.0
 11
42.4264068712
 21
-7.2248933095
 31
0.0
  0
LINE
  5
313
330
29A
100
AcDbEntity
  8
0
  6
Continuous
 62
     7
370
    25
100
AcDbLine
 10
22.9247258921
 20
127.36321445
 30
0.0
 11
22.9247258921
 21
124.0970512025
 31
0.0
  0
LINE
  5
314
330
29A
100
AcDbEntity
  8
0
  6
Continuous
 62
     7
370
    25
100
AcDbLine
 10
126.2748049382
 20
124.0970512025
 30
0.0
 11
126.2748049382
 21
127.36321445
 31
0.0
  0
LINE
  5
315
330
29A
100
AcDbEntity
  8
0
  6
Continuous
 62
     7
370
    25
100
AcDbLine
 10
128.3153064081
 20
-20.8265223735
 30
0.0
 11
126.9010928457
 21
-20.0101142617
 31
0.0
  0
LINE
  5
316
330
29A
100
AcDbEntity
  8
0
  6
Continuous
 62
     7
370
    25
100
AcDbLine
 10
140.9152595829
 20
-18.369182516
 30
0.0
 11
140.9152595829
 21
-16.4094845675
 31
0.0
  0
LINE
  5
317
330
29A
100
AcDbEntity
  8
0
  6
Continuous
 62
     7
370
    25
100
AcDbLine
 10
8.2842712475
 20
1.9596979485
 30
0.0
 11
8.2842712475
 21
0.0
 31
0.0
  0
LINE
  5
318
330
29A
100
AcDbEntity
  8
0
  6
Continuous
 62
     7
370
    25
100
AcDbLine
 10
26.0958161069
 20
125.2934626354
 30
0.0
 11
23.217619111
 21
126.9550103941
 31
0.0
  0
LINE
  5
319
330
29A
100
AcDbEntity
  8
0
  6
Continuous
 62
     7
370
    25
100
AcDbLine
 10
26.0460462357
 20
129.4042347296
 30
0.0
 11
23.217619111
 21
127.7714185059
 31
0.0
  0
LINE
  5
31A
330
29A
100
AcDbEntity
  8
0
  6
Continuous
 62
     7
370
    25
100
AcDbLine
 10
30.338456794
 20
127.7426869709
 30
0.0
 11
27.4602597981
 21
129.4042347296
 31
0.0
  0
LINE
  5
31B
330
29A
100
AcDbEntity
  8
0
  6
Continuous
 62
     7
370
    25
100
AcDbLine
 10
121.7392710323
 20
129.4042347296
 30
0.0
 11
118.8610740364
 21
127.7426869709
 31
0.0
  0
LINE
  5
31C
330
29A
100
AcDbEntity
  8
0
  6
Continuous
 62
     7
370
    25
100
AcDbLine
 10
125.9819117194
 20
127.7714185059
 30
0.0
 11
123.1534845947
 21
129.4042347296
 31
0.0
  0
LINE
  5
31D
330
29A
100
AcDbEntity
  8
0
  6
Continuous
 62
     7
370
    25
100
AcDbLine
 10
123.1037147235
 20
125.2934626354
 30
0.0
 11
125.9819117194
 21
126.9550103941
 31
0.0
  0
LINE
  5
31E
330
29A
100
AcDbEntity
  8
0
  6
Continuous
 62
     7
370
    25
100
AcDbLine
 10
109.7184557521
 20
24.677501286
 30
0.0
 11
109.7184557521
 21
31.4627476643
 31
0.0
  0
LINE
  5
31F
330
29A
100
AcDbEntity
  8
0
  6
Continuous
 62
     7
370
    25
100
AcDbLine
 10
104.448716914
 20
11.1564493273
 30
0.0
 11
104.448716914
 21
9.9316381094
 31
0.0
  0
LINE
  5
320
330
29A
100
AcDbEntity
  8
0
  6
Continuous
 62
     7
370
    25
100
AcDbLine
 10
90.2603949106
 20
8.2094438866
 30
0.0
 11
90.2603949106
 21
1.2688469856
 31
0.0
  0
LINE
  5
321
330
29A
100
AcDbEntity
  8
0
  6
Continuous
 62
     7
370
    25
100
AcDbLine
 10
89.5898935148
 20
0.8817747689
 30
0.0
 11
89.5898935148
 21
7.8223716699
 31
0.0
  0
LINE
  5
322
330
29A
100
AcDbEntity
  8
0
  6
Continuous
 62
     7
370
    25
100
AcDbLine
 10
86.606642379
 20
-0.3683722777
 30
0.0
 11
86.606642379
 21
0.8564389401
 31
0.0
  0
LINE
  5
323
330
29A
100
AcDbEntity
  8
0
  6
Continuous
 62
     7
370
    25
100
AcDbLine
 10
104.6518036156
 20
-42.1263400899
 30
0.0
 11
104.6518036156
 21
-44.0860380384
 31
0.0
  0
LINE
  5
324
330
29A
100
AcDbEntity
  8
0
  6
Continuous
 62
     7
370
    25
100
AcDbLine
 10
76.3675323681
 20
-44.0860380384
 30
0.0
 11
76.3675323681
 21
-42.1263400899
 31
0.0
  0
LINE
  5
325
330
29A
100
AcDbEntity
  8
0
  6
Continuous
 62
     7
370
    25
100
AcDbLine
 10
106.3700730939
 20
-38.0157252469
 30
0.0
 11
107.7842866563
 21
-38.8321333587
 31
0.0
  0
LINE
  5
326
330
29A
100
AcDbEntity
  8
0
  6
Continuous
 62
     7
370
    25
100
AcDbLine
 10
129.3510434825
 20
-26.3819096534
 30
0.0
 11
107.7842866563
 21
-38.8321333587
 31
0.0
  0
LINE
  5
327
330
29A
100
AcDbEntity
  8
0
  6
Continuous
 62
     7
370
    25
100
AcDbLine
 10
94.2785471356
 20
-29.6067216951
 30
0.0
 11
99.9354013851
 21
-26.3410892478
 31
0.0
  0
LINE
  5
328
330
29A
100
AcDbEntity
  8
0
  6
Continuous
 62
     7
370
    25
100
AcDbLine
 10
99.9354013851
 20
-32.8723541424
 30
0.0
 11
94.2785471356
 21
-29.6067216951
 31
0.0
  0
LINE
  5
329
330
29A
100
AcDbEntity
  8
0
  6
Continuous
 62
     7
370
    25
100
AcDbLine
 10
105.5922556346
 20
-29.6067216951
 30
0.0
 11
99.9354013851
 21
-32.8723541424
 31
0.0
  0
LINE
  5
32A
330
29A
100
AcDbEntity
  8
0
  6
Continuous
 62
     7
370
    25
100
AcDbLine
 10
99.9354013851
 20
-26.3410892478
 30
0.0
 11
105.5922556346
 21
-29.6067216951
 31
0.0
  0
LINE
  5
32B
330
29A
100
AcDbEntity
  8
0
  6
Continuous
 62
     7
370
    25
100
AcDbLine
 10
82.744229928
 20
-20.2174997505
 30
0.0
 11
101.415629407
 21
-9.4387302638
 31
0.0
  0
LINE
  5
32C
330
29A
100
AcDbEntity
  8
0
  6
Continuous
 62
     7
370
    25
100
AcDbLine
 10
101.415629407
 20
-9.4387302638
 30
0.0
 11
105.7252003166
 21
-11.9265925942
 31
0.0
  0
LINE
  5
32D
330
29A
100
AcDbEntity
  8
0
  6
Continuous
 62
     7
370
    25
100
AcDbLine
 10
104.6518036156
 20
-42.1263400899
 30
0.0
 11
135.0573952066
 21
-24.5735656857
 31
0.0
  0
LINE
  5
32E
330
29A
100
AcDbEntity
  8
0
  6
Continuous
 62
     7
370
    25
100
AcDbLine
 10
14.1421356237
 20
-6.2043831697
 30
0.0
 11
76.3675323681
 21
-42.1263400899
 31
0.0
  0
LINE
  5
32F
330
29A
100
AcDbEntity
  8
0
  6
Continuous
 62
     7
370
    25
100
AcDbLine
 10
38.944505235
 20
24.4418822739
 30
0.0
 11
14.1421356237
 21
10.1237790668
 31
0.0
  0
LINE
  5
330
330
29A
100
AcDbEntity
  8
0
  6
Continuous
 62
     7
370
    25
100
AcDbLine
 10
135.0573952066
 20
-8.2454034493
 30
0.0
 11
106.7731239592
 21
8.0827587872
 31
0.0
  0
LINE
  5
331
330
29A
100
AcDbEntity
  8
0
  6
Continuous
 62
     7
370
    25
100
AcDbLine
 10
82.744229928
 20
-25.1932244114
 30
0.0
 11
82.744229928
 21
-1.1052704607
 31
0.0
  0
LINE
  5
332
330
29A
100
AcDbEntity
  8
0
  6
Continuous
 62
     7
370
    25
100
AcDbLine
 10
105.7252003166
 20
12.1613613564
 30
0.0
 11
105.7252003166
 21
-11.9265925942
 31
0.0
  0
LINE
  5
333
330
29A
100
AcDbEntity
  8
0
  6
Continuous
 62
     7
370
    25
100
AcDbLine
 10
88.5920624373
 20
9.2249846734
 30
0.0
 11
103.9446968344
 21
18.087871859
 31
0.0
  0
LINE
  5
334
330
29A
100
AcDbEntity
  8
0
  6
Continuous
 62
     7
370
    25
100
AcDbLine
 10
103.9446968344
 20
18.087871859
 30
0.0
 11
94.1852459954
 21
23.721882905
 31
0.0
  0
LINE
  5
335
330
29A
100
AcDbEntity
  8
0
  6
Continuous
 62
     7
370
    25
100
AcDbLine
 10
107.7842866563
 20
-35.5659701112
 30
0.0
 11
106.3700730939
 21
-34.7495619993
 31
0.0
  0
LINE
  5
336
330
29A
100
AcDbEntity
  8
0
  6
Continuous
 62
     7
370
    25
100
AcDbLine
 10
109.9056069998
 20
-28.6258376603
 30
0.0
 11
111.3198205622
 21
-29.4422457722
 31
0.0
  0
LINE
  5
337
330
29A
100
AcDbEntity
  8
0
  6
Continuous
 62
     7
370
    25
100
AcDbLine
 10
129.3510434825
 20
-23.1157464059
 30
0.0
 11
129.3510434825
 21
-26.3819096534
 31
0.0
  0
LINE
  5
338
330
29A
100
AcDbEntity
  8
0
  6
Continuous
 62
     7
370
    25
100
AcDbLine
 10
107.7842866563
 20
-35.5659701112
 30
0.0
 11
107.7842866563
 21
-38.8321333587
 31
0.0
  0
LINE
  5
339
330
29A
100
AcDbEntity
  8
0
  6
Continuous
 62
     7
370
    25
100
AcDbLine
 10
111.3198205622
 20
-29.4422457722
 30
0.0
 11
125.8155095765
 21
-21.074062626
 31
0.0
  0
LINE
  5
33A
330
29A
100
AcDbEntity
  8
0
  6
Continuous
 62
     7
370
    25
100
AcDbLine
 10
135.0573952066
 20
-26.5332636342
 30
0.0
 11
135.0573952066
 21
-24.5735656857
 31
0.0
  0
LINE
  5
33B
330
29A
100
AcDbEntity
  8
0
  6
Continuous
 62
     7
370
    25
100
AcDbLine
 10
104.6518036156
 20
-44.0860380384
 30
0.0
 11
135.0573952066
 21
-26.5332636342
 31
0.0
  0
LINE
  5
33C
330
29A
100
AcDbEntity
  8
0
  6
Continuous
 62
     7
370
    25
100
AcDbLine
 10
14.1421356237
 20
-6.2043831697
 30
0.0
 11
14.1421356237
 21
-8.1640811182
 31
0.0
  0
LINE
  5
33D
330
29A
100
AcDbEntity
  8
0
  6
Continuous
 62
     7
370
    25
100
AcDbLine
 10
14.1421356237
 20
-8.1640811182
 30
0.0
 11
76.3675323681
 21
-44.0860380384
 31
0.0
  0
LINE
  5
33E
330
29A
100
AcDbEntity
  8
0
  6
Continuous
 62
     7
370
    25
100
AcDbLine
 10
106.3700730939
 20
-34.7495619993
 30
0.0
 11
106.3700730939
 21
-38.0157252469
 31
0.0
  0
LINE
  5
33F
330
29A
100
AcDbEntity
  8
0
  6
Continuous
 62
     7
370
    25
100
AcDbLine
 10
125.8155095765
 20
-21.074062626
 30
0.0
 11
124.4012960141
 21
-20.2576545142
 31
0.0
  0
LINE
  5
340
330
29A
100
AcDbEntity
  8
0
  6
Continuous
 62
     7
370
    25
100
AcDbLine
 10
124.4012960141
 20
-20.2576545142
 30
0.0
 11
109.9056069998
 21
-28.6258376603
 31
0.0
  0
LINE
  5
341
330
29A
100
AcDbEntity
  8
0
  6
Continuous
 62
     7
370
    25
100
AcDbLine
 10
23.217619111
 20
126.9550103941
 30
0.0
 11
23.217619111
 21
123.6888471466
 31
0.0
  0
LINE
  5
342
330
29A
100
AcDbEntity
  8
0
  6
Continuous
 62
     7
370
    25
100
AcDbLine
 10
24.1930099241
 20
123.1257660157
 30
0.0
 11
23.217619111
 21
123.6888471466
 31
0.0
  0
LINE
  5
343
330
29A
100
AcDbEntity
  8
0
  6
Continuous
 62
     7
370
    25
100
AcDbLine
 10
125.9819117194
 20
123.6888471466
 30
0.0
 11
125.9819117194
 21
126.9550103941
 31
0.0
  0
LINE
  5
344
330
29A
100
AcDbEntity
  8
0
  6
Continuous
 62
     7
370
    25
100
AcDbLine
 10
125.0065209063
 20
123.1257660157
 30
0.0
 11
125.9819117194
 21
123.6888471466
 31
0.0
  0
LINE
  5
345
330
29A
100
AcDbEntity
  8
0
  6
Continuous
 62
     7
370
    25
100
AcDbLine
 10
101.415629407
 20
-9.4387302638
 30
0.0
 11
101.415629407
 21
10.333623935
 31
0.0
  0
LINE
  5
346
330
29A
100
AcDbEntity
  8
0
  6
Continuous
 62
     7
370
    25
100
AcDbLine
 10
89.5898935148
 20
0.8817747689
 30
0.0
 11
90.2603949106
 21
1.2688469856
 31
0.0
  0
LINE
  5
347
330
29A
100
AcDbEntity
  8
0
  6
Continuous
 62
     7
370
    25
100
AcDbLine
 10
99.9354013851
 20
-26.3410892478
 30
0.0
 11
99.9354013851
 21
-28.3007871963
 31
0.0
  0
LINE
  5
348
330
29A
100
AcDbEntity
  8
0
  6
Continuous
 62
     7
370
    25
100
AcDbLine
 10
99.9354013851
 20
-28.3007871963
 30
0.0
 11
103.8949235179
 21
-30.5865706694
 31
0.0
  0
LINE
  5
349
330
29A
100
AcDbEntity
  8
0
  6
Continuous
 62
     7
370
    25
100
AcDbLine
 10
95.9758792522
 20
-30.5865706694
 30
0.0
 11
99.9354013851
 21
-28.3007871963
 31
0.0
  0
LINE
  5
34A
330
29A
100
AcDbEntity
  8
0
  6
Continuous
 62
     7
370
    25
100
AcDbLine
 10
123.1037147235
 20
125.2934626354
 30
0.0
 11
122.9289006556
 21
124.572421413
 31
0.0
  0
LINE
  5
34B
330
29A
100
AcDbEntity
  8
0
  6
Continuous
 62
     7
370
    25
100
AcDbLine
 10
26.2714234838
 20
124.5691493167
 30
0.0
 11
26.0958161069
 21
125.2934626354
 31
0.0
  0
ARC
  5
34C
330
29A
100
AcDbEntity
  8
0
  6
Continuous
 62
     7
370
    25
100
AcDbCircle
 10
93.3248262974
 20
19.0022941832
 30
0.0
 40
13.61242902474291
100
AcDbArc
 50
324.8041162081
 51
337.6286704057
  0
ARC
  5
34D
330
29A
100
AcDbEntity
  8
0
  6
Continuous
 62
     7
370
    25
100
AcDbCircle
 10
23.3725461377
 20
127.36321445
 30
0.0
 40
0.4366153168343033
100
AcDbArc
 50
110.7834207995
 51
249.2165792005
  0
ARC
  5
34E
330
29A
100
AcDbEntity
  8
0
  6
Continuous
 62
     7
370
    25
100
AcDbCircle
 10
26.7531530169
 20
128.0395236446
 30
0.0
 40
1.537021907911568
100
AcDbArc
 50
62.6096722366
 51
117.3903277634
  0
ARC
  5
34F
330
29A
100
AcDbEntity
  8
0
  6
Continuous
 62
     7
370
    25
100
AcDbCircle
 10
122.4463778135
 20
128.0395236446
 30
0.0
 40
1.537021907911595
100
AcDbArc
 50
62.6096722366
 51
117.3903277634
  0
ARC
  5
350
330
29A
100
AcDbEntity
  8
0
  6
Continuous
 62
     7
370
    25
100
AcDbCircle
 10
125.8269846926
 20
127.36321445
 30
0.0
 40
0.4366153168342806
100
AcDbArc
 50
290.7834207995
 51
69.2165792005
  0
ARC
  5
351
330
29A
100
AcDbEntity
  8
0
  6
Continuous
 62
     7
370
    25
100
AcDbCircle
 10
36.5826413554
 20
99.9167710798
 30
0.0
 40
23.8087043977429
100
AcDbArc
 50
191.0593165476
 51
211.056612198
  0
ARC
  5
352
330
29A
100
AcDbEntity
  8
0
  6
Continuous
 62
     7
370
    25
100
AcDbCircle
 10
112.4003547883
 20
99.9945601219
 30
0.0
 40
24.03744561477159
100
AcDbArc
 50
327.8752714039
 51
348.5224373595
  0
ARC
  5
353
330
29A
100
AcDbEntity
  8
0
  6
Continuous
 62
     7
370
    25
100
AcDbCircle
 10
99.8454416155
 20
-11.4506568801
 30
0.0
 40
21.87218970505715
100
AcDbArc
 50
77.8505438499
 51
115.9909938917
  0
ARC
  5
354
330
29A
100
AcDbEntity
  8
0
  6
Continuous
 62
     7
370
    25
100
AcDbCircle
 10
96.5206646287
 20
-10.3497035097
 30
0.0
 40
13.19779119990335
100
AcDbArc
 50
118.3165313729
 51
121.6780920944
  0
ARC
  5
355
330
29A
100
AcDbEntity
  8
0
  6
Continuous
 62
     7
370
    25
100
AcDbCircle
 10
90.5096679919
 20
-16.8658808434
 30
0.0
 40
30.674695723389
100
AcDbArc
 50
242.5460282286
 51
297.4539717714
  0
ARC
  5
356
330
29A
100
AcDbEntity
  8
0
  6
Continuous
 62
     7
370
    25
100
AcDbCircle
 10
90.5096679919
 20
-14.9061828949
 30
0.0
 40
30.67469572338899
100
AcDbArc
 50
242.5460282286
 51
297.4539717714
  0
ARC
  5
357
330
29A
100
AcDbEntity
  8
0
  6
Continuous
 62
     7
370
    25
100
AcDbCircle
 10
95.4597199374
 20
-7.1709716367
 30
0.0
 40
11.31353252109486
100
AcDbArc
 50
335.1434388125
 51
359.7269203085
  0
ARC
  5
358
330
29A
100
AcDbEntity
  8
0
  6
Continuous
 62
     7
370
    25
100
AcDbCircle
 10
92.93883967
 20
18.0011171849
 30
0.0
 40
14.05680499690828
100
AcDbArc
 50
324.966022691
 51
335.4529860827
  0
ARC
  5
359
330
29A
100
AcDbEntity
  8
0
  6
Continuous
 62
     7
370
    25
100
AcDbCircle
 10
75.2567514735
 20
48.6307111053
 30
0.0
 40
50.29642329176464
100
AcDbArc
 50
278.5612741981
 51
283.0416915915
  0
ARC
  5
35A
330
29A
100
AcDbEntity
  8
0
  6
Continuous
 62
     7
370
    25
100
AcDbCircle
 10
114.0461536007
 20
-35.0988662606
 30
0.0
 40
7.684024037860474
100
AcDbArc
 50
122.60547834
 51
177.3945215143
  0
ARC
  5
35B
330
29A
100
AcDbEntity
  8
0
  6
Continuous
 62
     7
370
    25
100
AcDbCircle
 10
115.4603671631
 20
-35.9152743725
 30
0.0
 40
7.684024037860446
100
AcDbArc
 50
122.60547834
 51
177.3945215143
  0
ARC
  5
35C
330
29A
100
AcDbEntity
  8
0
  6
Continuous
 62
     7
370
    25
100
AcDbCircle
 10
127.1956716453
 20
-22.7661104214
 30
0.0
 40
2.183545987142446
100
AcDbArc
 50
350.7859630095
 51
129.2032852357
  0
ARC
  5
35D
330
29A
100
AcDbEntity
  8
0
  6
Continuous
 62
     7
370
    25
100
AcDbCircle
 10
115.693288251
 20
-27.2732454354
 30
0.0
 40
2.596797376898663
100
AcDbArc
 50
314.5131821341
 51
345.4921943986
  0
ARC
  5
35E
330
29A
100
AcDbEntity
  8
0
  6
Continuous
 62
     7
370
    25
100
AcDbCircle
 10
23.4251829546
 20
124.1469575794
 30
0.0
 40
0.5029392784938275
100
AcDbArc
 50
185.6947992512
 51
245.6253417064
  0
ARC
  5
35F
330
29A
100
AcDbEntity
  8
0
  6
Continuous
 62
     7
370
    25
100
AcDbCircle
 10
125.7743478757
 20
124.1469575794
 30
0.0
 40
0.502939278493833
100
AcDbArc
 50
294.3746582936
 51
354.3052007488
  0
ARC
  5
360
330
29A
100
AcDbEntity
  8
0
  6
Continuous
 62
     7
370
    25
100
AcDbCircle
 10
125.8658962884
 20
-22.3020611598
 30
0.0
 40
2.514886179508927
100
AcDbArc
 50
65.6928809539
 51
125.6175774752
  0
VIEWPORT
  5
4D3
330
29A
100
AcDbEntity
  8
0
100
AcDbViewport
 10
0.0
 20
0.0
 30
0.0
 40
205.6
 41
156.0
 68
     1
 69
     1
 12
44.5
 22
66.7
 13
0.0
 23
0.0
 14
10.0
 24
10.0
 15
10.0
 25
10.0
 16
0.0
 26
0.0
 36
1.0
 17
0.0
 27
0.0
 37
0.0
 42
50.0
 43
0.0
 44
0.0
 45
136.068
 50
0.0
 51
0.0
 72
   100
 90
   557152
  1

281
     0
 71
     1
 74
     0
110
0.0
120
0.0
130
0.0
111
1.0
121
0.0
131
0.0
112
0.0
122
1.0
132
0.0
 79
     0
146
0.0
  0
MTEXT
  5
4E8
330
29A
100
AcDbEntity
  8
0
  6
Continuous
 62
     7
100
AcDbMText
 10
8.2842712475
 20
-48.5601429585
 30
0.0
 40
4.83362
 41
0.0
 71
     1
 72
     1
  1
SOLIDWORKS Educational Product.
  7
SLDTEXTSTYLE0
 73
     1
 44
1.0
  0
MTEXT
  5
4E9
330
29A
100
AcDbEntity
  8
0
  6
Continuous
 62
     7
100
AcDbMText
 10
8.2842712475
 20
-55.8105729585
 30
0.0
 40
4.83362
 41
0.0
 71
     1
 72
     1
  1
For Instructional Use Only.
  7
SLDTEXTSTYLE0
 73
     1
 44
1.0
  0
ENDBLK
  5
29D
330
29A
100
AcDbEntity
  8
0
100
AcDbBlockEnd
  0
BLOCK
  5
363
330
361
100
AcDbEntity
  8
0
100
AcDbBlockBegin
  2
*Paper_Space6
 70
     0
 10
0.0
 20
0.0
 30
0.0
  3
*Paper_Space6
  1

  0
SPLINE
  5
367
330
361
100
AcDbEntity
  8
0
  6
Continuous
 62
     7
370
    25
100
AcDbSpline
210
0.0
220
0.0
230
1.0
 70
     8
 71
     3
 72
    45
 73
    41
 74
     0
 42
0.00000001
 43
0.00000001
 40
0.0
 40
0.0
 40
0.0
 40
0.0
 40
0.0012184053657634
 40
0.028430605174069
 40
0.055556524306735
 40
0.0826129042645709
 40
0.1096167232266223
 40
0.1365833185220182
 40
0.1635255431465377
 40
0.1904535929262672
 40
0.2173752030044204
 40
0.2442955529343131
 40
0.2712178818663398
 40
0.2981452041590506
 40
0.3250794285778653
 40
0.3520216410929935
 40
0.3789723294782715
 40
0.4059315561708131
 40
0.4328990882544601
 40
0.4598744933061815
 40
0.4868572088032538
 40
0.5138465914602696
 40
0.5408419515614908
 40
0.5678425762107022
 40
0.5948477444778878
 40
0.6218567366741474
 40
0.64886883940899
 40
0.6758833476473147
 40
0.7028995646589377
 40
0.729916800516899
 40
0.7569343696328396
 40
0.7839514440347467
 40
0.8109672525839753
 40
0.8379811017436113
 40
0.8649922885864232
 40
0.8920000985080561
 40
0.919003804041138
 40
0.9460026652949447
 40
0.9729959327527716
 40
1.0
 40
1.0
 40
1.0
 40
1.0
 10
135.3519946980226
 20
108.5865479796006
 30
0.0
 10
135.341008235707
 20
108.5649678891659
 30
0.0
 10
135.0846471089989
 20
108.0614121366962
 30
0.0
 10
134.4550613793489
 20
107.0904120401903
 30
0.0
 10
133.4552837570148
 20
105.6803558524028
 30
0.0
 10
132.3076389976931
 20
104.2974827518158
 30
0.0
 10
131.0347223246682
 20
102.9426163223928
 30
0.0
 10
129.6337531153836
 20
101.6191344444413
 30
0.0
 10
128.1090367797746
 20
100.329808565017
 30
0.0
 10
126.4633530687174
 20
99.07763142558147
 30
0.0
 10
124.7003027493109
 20
97.86556720344193
 30
0.0
 10
122.823704971585
 20
96.6965805551246
 30
0.0
 10
120.8377361964048
 20
95.57357110913026
 30
0.0
 10
118.7468598806314
 20
94.49934710585788
 30
0.0
 10
116.5558115427205
 20
93.47660271950596
 30
0.0
 10
114.2696058031231
 20
92.5079170596508
 30
0.0
 10
111.8935176828714
 20
91.59573913845023
 30
0.0
 10
109.4330624628089
 20
90.74237629152789
 30
0.0
 10
106.8939760530391
 20
89.9499852207574
 30
0.0
 10
104.2821957661984
 20
89.22056507703779
 30
0.0
 10
101.6038416748526
 20
88.55595207403789
 30
0.0
 10
98.86519850743589
 20
87.95781525091932
 30
0.0
 10
96.07269802214682
 20
87.42765309823679
 30
0.0
 10
93.23290177211885
 20
86.9667908421323
 30
0.0
 10
90.3524841780052
 20
86.57637824290111
 30
0.0
 10
87.43821583387107
 20
86.2573878102126
 30
0.0
 10
84.49694698301549
 20
86.01061336720393
 30
0.0
 10
81.53559112464467
 20
85.83666892824017
 30
0.0
 10
78.56110868642048
 20
85.73598783360235
 30
0.0
 10
75.58049085361853
 20
85.70882223163281
 30
0.0
 10
72.60074839578546
 20
85.75524240977498
 30
0.0
 10
69.62889427368461
 20
85.87513701074903
 30
0.0
 10
66.67192057939862
 20
86.06820945246977
 30
0.0
 10
63.73679080057726
 20
86.33399205158298
 30
0.0
 10
60.83037497932331
 20
86.67179819339077
 30
0.0
 10
57.95962717474608
 20
87.08090515371875
 30
0.0
 10
55.13085885738919
 20
87.55987554698265
 30
0.0
 10
52.35237402183166
 20
88.10909422772893
 30
0.0
 10
49.62398384129695
 20
88.72143889546624
 30
0.0
 10
47.85803010935458
 20
89.18540951247864
 30
0.0
 10
46.97487664273723
 20
89.4174412194319
 30
0.0
  0
SPLINE
  5
368
330
361
100
AcDbEntity
  8
0
  6
Continuous
 62
     7
370
    25
100
AcDbSpline
210
0.0
220
0.0
230
1.0
 70
     8
 71
     3
 72
    24
 73
    20
 74
     0
 42
0.00000001
 43
0.00000001
 40
0.0
 40
0.0
 40
0.0
 40
0.0
 40
0.0320636355356165
 40
0.0930205537895871
 40
0.1539636569525752
 40
0.2148868702021969
 40
0.2757890382374148
 40
0.336669421200737
 40
0.3975279018753864
 40
0.458365269011336
 40
0.5191835954658172
 40
0.5799867314538658
 40
0.6407809295805509
 40
0.7015737594712155
 40
0.7623755919744606
 40
0.823203114693846
 40
0.884078527599716
 40
0.9450300939753732
 40
1.0
 40
1.0
 40
1.0
 40
1.0
 10
46.97487664273723
 20
89.4174412194319
 30
0.0
 10
46.51618951666046
 20
89.54440809316023
 30
0.0
 10
45.18548169856476
 20
89.91275462373441
 30
0.0
 10
43.03628573969406
 20
90.57117163236524
 30
0.0
 10
40.5575864756898
 20
91.41137959844549
 30
0.0
 10
38.16296010787704
 20
92.31178929554999
 30
0.0
 10
35.85695445048452
 20
93.2689617539757
 30
0.0
 10
33.64525138092278
 20
94.28074122785728
 30
0.0
 10
31.53290547322025
 20
95.34444260014955
 30
0.0
 10
29.52480653956385
 20
96.45734151408479
 30
0.0
 10
27.62553167879134
 20
97.6165574521714
 30
0.0
 10
25.83934938385964
 20
98.81910294523223
 30
0.0
 10
24.17024118406335
 20
100.0618868668813
 30
0.0
 10
22.62175982569037
 20
101.3417185985691
 30
0.0
 10
21.19747555198044
 20
102.6554065502332
 30
0.0
 10
19.89914830479048
 20
103.9996019414051
 30
0.0
 10
18.73347093105449
 20
105.3716496359589
 30
0.0
 10
17.72176447972262
 20
106.7202103290565
 30
0.0
 10
17.16754215704991
 20
107.6191207785042
 30
0.0
 10
16.90473020027222
 20
108.0453836779269
 30
0.0
  0
LWPOLYLINE
  5
370
330
361
100
AcDbEntity
  8
0
  6
Continuous
 62
     7
370
    25
100
AcDbPolyline
 90
       30
 70
   128
 43
0.0
 10
20.7255193695
 20
135.1763832674
 10
22.4728219497
 20
136.5756837698
 10
24.3536199586
 20
137.9282979764
 10
26.3632201575
 20
139.230850649
 10
28.4966079015
 20
140.4800914701
 10
30.7484596536
 20
141.6729031533
 10
33.113156268
 20
142.8063092229
 10
35.5847970121
 20
143.8774814402
 10
38.1572142909
 20
144.8837468616
 10
40.8239890373
 20
145.8225945082
 10
43.5784667298
 20
146.691681632
 10
46.4137739978
 20
147.488839561
 10
49.3228357731
 20
148.2120791118
 10
52.2983929446
 20
148.8595955524
 10
55.3330204721
 20
149.4297731065
 10
58.419145915
 20
149.9211889845
 10
61.549068327
 20
150.3326169347
 10
64.7149774739
 20
150.6630303025
 10
67.9089733218
 20
150.9116045929
 10
71.123085751
 20
151.0777195273
 10
74.3492944439
 20
151.1609605917
 10
77.5795488985
 20
151.1611200711
 10
80.8057885174
 20
151.0781975675
 10
84.0199627216
 20
150.912400001
 10
87.2140510393
 20
150.6641410938
 10
90.3800831199
 20
150.3340403373
 10
93.5101586231
 20
149.9229214465
 10
96.5964669322
 20
149.4318103048
 10
99.631306645
 20
148.8619324036
 10
102.6071047911
 20
148.2147097845
  0
LWPOLYLINE
  5
371
330
361
100
AcDbEntity
  8
0
  6
Continuous
 62
     7
370
    25
100
AcDbPolyline
 90
       93
 70
   128
 43
0.0
 10
109.5798983519
 20
146.3196539036
 10
112.2934129222
 20
145.4209060506
 10
114.916518183
 20
144.4535734223
 10
117.4426850897
 20
143.4200637594
 10
119.8656258827
 20
142.3229495208
 10
122.1793097373
 20
141.1649614805
 10
124.377977775
 20
139.9489819305
 10
126.4561573976
 20
138.6780375066
 10
128.4086759088
 20
137.355291655
 10
130.2306733893
 20
135.9840367585
 10
131.9176147933
 20
134.5676859411
 10
133.4653012367
 20
133.1097645732
 10
134.869880448
 20
131.6139014963
 10
136.1278563571
 20
130.0838199908
 10
137.2360977971
 20
128.5233285085
 10
138.1918462978
 20
126.9363111931
 10
138.9927229519
 20
125.3267182127
 10
139.6367343361
 20
123.6985559273
 10
140.1222774728
 20
122.0558769168
 10
140.4481438202
 20
120.402769894
 10
140.6135222799
 20
118.7433495275
 10
140.6180012167
 20
117.0817462004
 10
140.461569482
 20
115.422095729
 10
140.1446164426
 20
113.7685290689
 10
139.667931011
 20
112.1251620329
 10
139.0326996818
 20
110.4960850464
 10
138.2405035785
 20
108.885352966
 10
137.2933145181
 20
107.296974987
 10
136.1934901031
 20
105.7349046641
 10
134.9437678532
 20
104.203030071
 10
133.5472583915
 20
102.7051641226
 10
132.0074377022
 20
101.2450350844
 10
130.3281384783
 20
99.826277293
 10
128.5135405824
 20
98.4524221098
 10
126.5681606421
 20
97.1268891312
 10
124.4968408087
 20
95.8529776771
 10
122.3047367039
 20
94.633858579
 10
119.997304588
 20
93.4725662871
 10
117.5802877786
 20
92.3719913179
 10
115.0597023552
 20
91.3348730592
 10
112.4418221851
 20
90.363792952
 10
109.7331633071
 20
89.4611680646
 10
106.9404677127
 20
88.6292450771
 10
104.0706865656
 20
87.8700946887
 10
101.130962899
 20
87.1856064638
 10
98.1286138368
 20
86.577484129
 10
95.0711123807
 20
86.0472413322
 10
91.9660688097
 20
85.5961978749
 10
88.8212117373
 20
85.2254764277
 10
85.6443688752
 20
84.9359997354
 10
82.443447549
 20
84.7284883203
 10
79.2264150172
 20
84.6034586892
 10
76.0012786397
 20
84.5612220472
 10
72.7760659473
 20
84.6018835234
 10
69.5588046609
 20
84.7253419095
 10
66.3575027098
 20
84.931289911
 10
63.1801282997
 20
85.2192149128
 10
60.0345900795
 20
85.5884002547
 10
56.9287174561
 20
86.0379270153
 10
53.8702411067
 20
86.5666762994
 10
50.8667737368
 20
87.1733320226
 10
47.9257911317
 20
87.8563841877
 10
45.0546135486
 20
88.6141326424
 10
42.260387497
 20
89.4446913118
 10
39.5500679494
 20
90.3459928926
 10
36.9304010312
 20
91.3157939985
 10
34.4079072284
 20
92.3516807446
 10
31.9888651583
 20
93.4510747554
 10
29.6792959414
 20
94.6112395823
 10
27.4849482147
 20
95.8292875154
 10
25.4112838229
 20
97.1021867704
 10
23.4634642236
 20
98.4267690354
 10
21.6463376404
 20
99.7997373568
 10
19.964426995
 20
101.2176743457
 10
18.4219186498
 20
102.6770506836
 10
17.0226519877
 20
104.1742339076
 10
15.7701098556
 20
105.7054974515
 10
14.6674098956
 20
107.2670299211
 10
13.7172967846
 20
108.8549445817
 10
12.9221354033
 20
110.4652890318
 10
12.2839049493
 20
112.0940550408
 10
11.8041940112
 20
113.7371885261
 10
11.4841966143
 20
115.3905996438
 10
11.3247092486
 20
117.0501729683
 10
11.3261288864
 20
118.7117777359
 10
11.4884519942
 20
120.3712781265
 10
11.8112745412
 20
122.0245435582
 10
12.2937930056
 20
123.667458968
 10
12.9348063741
 20
125.2959350546
 10
13.7327191312
 20
126.905918457
 10
14.6855452309
 20
128.4934018434
 10
15.79091304
 20
130.0544338859
 10
17.0460712408
 20
131.5851290951
  0
SPLINE
  5
372
330
361
100
AcDbEntity
  8
0
  6
Continuous
 62
     7
370
    25
100
AcDbSpline
210
0.0
220
0.0
230
1.0
 70
     8
 71
     3
 72
    62
 73
    58
 74
     0
 42
0.00000001
 43
0.00000001
 40
0.0
 40
0.0
 40
0.0
 40
0.0
 40
0.1249999999999998
 40
0.1249999999999998
 40
0.1874999999999998
 40
0.1874999999999998
 40
0.2499999999999997
 40
0.2499999999999997
 40
0.3124999999999997
 40
0.3124999999999997
 40
0.3437499999999997
 40
0.3437499999999997
 40
0.3749999999999998
 40
0.3749999999999998
 40
0.4062499999999999
 40
0.4062499999999999
 40
0.4374999999999999
 40
0.4374999999999999
 40
0.4531250000000001
 40
0.4531250000000001
 40
0.4687500000000002
 40
0.4687500000000002
 40
0.4765625000000002
 40
0.4765625000000002
 40
0.4843750000000002
 40
0.4843750000000002
 40
0.4921875000000002
 40
0.4921875000000002
 40
0.5000000000000002
 40
0.5000000000000002
 40
0.5078125000000002
 40
0.5078125000000002
 40
0.5156250000000002
 40
0.5156250000000002
 40
0.5234375000000002
 40
0.5234375000000002
 40
0.5312500000000002
 40
0.5312500000000002
 40
0.5468750000000001
 40
0.5468750000000001
 40
0.5625000000000001
 40
0.5625000000000001
 40
0.59375
 40
0.59375
 40
0.6249999999999998
 40
0.6249999999999998
 40
0.6562499999999997
 40
0.6562499999999997
 40
0.6874999999999994
 40
0.6874999999999994
 40
0.7499999999999996
 40
0.7499999999999996
 40
0.8124999999999998
 40
0.8124999999999998
 40
0.8749999999999999
 40
0.8749999999999999
 40
1.0
 40
1.0
 40
1.0
 40
1.0
 10
114.0474164196868
 20
46.15538077220916
 30
0.0
 10
115.532035907027
 20
49.87408262382886
 30
0.0
 10
116.9817709768286
 20
53.5059001883296
 30
0.0
 10
119.0656555800619
 20
58.79511312651793
 30
0.0
 10
119.7452344922601
 20
60.53215345412503
 30
0.0
 10
121.0625356969618
 20
63.94127992568264
 30
0.0
 10
121.7007828165375
 20
65.61449809118584
 30
0.0
 10
122.9188283912386
 20
68.87897085188283
 30
0.0
 10
123.4985633933489
 20
70.46933813576705
 30
0.0
 10
124.3013783582994
 20
72.76829979947543
 30
0.0
 10
124.5576473607735
 20
73.5198679575939
 30
0.0
 10
125.039360660975
 20
74.98236250566009
 30
0.0
 10
125.2650842089274
 20
75.6938713874902
 30
0.0
 10
125.6742850375004
 20
77.06367734164242
 30
0.0
 10
125.8576612507447
 20
77.72112435753029
 30
0.0
 10
126.1575923879336
 20
78.94751056592636
 30
0.0
 10
126.275871692315
 20
79.51952882505633
 30
0.0
 10
126.3632272648331
 20
80.26090453146517
 30
0.0
 10
126.3768115640427
 20
80.48643081123588
 30
0.0
 10
126.3574645533295
 20
80.87335484087275
 30
0.0
 10
126.3244397028085
 20
81.03517537276763
 30
0.0
 10
126.2197244089465
 20
81.1928924025878
 30
0.0
 10
126.17552190561
 20
81.23143423712563
 30
0.0
 10
126.0620726339406
 20
81.27081478672352
 30
0.0
 10
125.9919143449185
 20
81.27137065381292
 30
0.0
 10
125.8215673059977
 20
81.2204531203492
 30
0.0
 10
125.7216823763774
 20
81.16955095481511
 30
0.0
 10
125.4838203900363
 20
81.00194715576352
 30
0.0
 10
125.3494948395095
 20
80.88747392912266
 30
0.0
 10
125.0522727808803
 20
80.5972034280299
 30
0.0
 10
124.8866598923193
 20
80.41817680787858
 30
0.0
 10
124.5449605920059
 20
80.02014062223442
 30
0.0
 10
124.3655744652943
 20
79.797692994139
 30
0.0
 10
124.0039152684839
 20
79.32859625986296
 30
0.0
 10
123.8230785147543
 20
79.08409554759065
 30
0.0
 10
123.4614259181099
 20
78.58047416148126
 30
0.0
 10
123.2797258130896
 20
78.32000097024788
 30
0.0
 10
122.7412496897159
 20
77.53097828122918
 30
0.0
 10
122.3938641638196
 20
76.99971221411528
 30
0.0
 10
121.712881983208
 20
75.93089655944955
 30
0.0
 10
121.3785611059225
 20
75.39175189688353
 30
0.0
 10
120.3970362448638
 20
73.77828798245262
 30
0.0
 10
119.7747012017597
 20
72.71477207233548
 30
0.0
 10
118.5659138366406
 20
70.6002829988275
 30
0.0
 10
117.9796276878635
 20
69.54856418029861
 30
0.0
 10
116.8397778679668
 20
67.4659436018693
 30
0.0
 10
116.2853499063718
 20
66.4333347211609
 30
0.0
 10
115.2000478806896
 20
64.38048110966987
 30
0.0
 10
114.6703531461196
 20
63.36237266342908
 30
0.0
 10
113.1135909307089
 20
60.32878387044886
 30
0.0
 10
112.1179658770152
 20
58.33282147005492
 30
0.0
 10
110.1902813745784
 20
54.3755944203542
 30
0.0
 10
109.2600255417194
 20
52.41759581228836
 30
0.0
 10
107.4575931719818
 20
48.53545583303102
 30
0.0
 10
106.5848307527896
 20
46.60986940402967
 30
0.0
 10
104.0480702188994
 20
40.87930977383712
 30
0.0
 10
102.464346738633
 20
37.11928368572878
 30
0.0
 10
100.9799455296451
 20
33.40112858168951
 30
0.0
  0
SPLINE
  5
373
330
361
100
AcDbEntity
  8
0
  6
Continuous
 62
     7
370
    25
100
AcDbSpline
210
0.0
220
0.0
230
1.0
 70
     8
 71
     3
 72
    10
 73
     6
 74
     0
 42
0.00000001
 43
0.00000001
 40
0.0
 40
0.0
 40
0.0
 40
0.0
 40
0.5
 40
0.5
 40
1.0
 40
1.0
 40
1.0
 40
1.0
 10
100.9799455296451
 20
33.40112858168948
 30
0.0
 10
100.0106165680904
 20
30.97313579640017
 30
0.0
 10
99.13800164384507
 20
28.58922964854952
 30
0.0
 10
97.5676281408507
 20
23.88915071067467
 30
0.0
 10
96.86994017925727
 20
21.57303909676311
 30
0.0
 10
96.25838828042833
 20
19.28877914633298
 30
0.0
  0
LWPOLYLINE
  5
374
330
361
100
AcDbEntity
  8
0
  6
Continuous
 62
     7
370
    25
100
AcDbPolyline
 90
       30
 70
   128
 43
0.0
 10
44.4163654591
 20
28.9145107195
 10
44.8898183628
 20
27.8679930667
 10
45.5592667286
 20
26.7410891292
 10
46.382531252
 20
25.6415406181
 10
47.3554479815
 20
24.5749088886
 10
48.4730960472
 20
23.5465888075
 10
49.729822549
 20
22.5617814669
 10
51.1192711485
 20
21.6254678782
 10
52.6344142184
 20
20.7423837779
 10
54.2675883874
 20
19.9169956762
 10
56.0105332998
 20
19.1534782648
 10
57.8544333959
 20
18.4556933031
 10
59.7899624995
 20
17.8271700848
 10
61.8073309881
 20
17.2710875885
 10
63.8963353077
 20
16.7902583976
 10
66.0464095808
 20
16.3871144759
 10
68.246679047
 20
16.0636948662
 10
70.486015066
 20
15.8216353773
 10
72.7530914046
 20
15.6621603107
 10
75.0364415231
 20
15.586076268
 10
77.3245165713
 20
15.5937680709
 10
79.6057438013
 20
15.6851968157
 10
81.8685851002
 20
15.8599000689
 10
84.1015953485
 20
16.1169942073
 10
86.2934803078
 20
16.4551788863
 10
88.4331537454
 20
16.8727436174
 10
90.5097935069
 20
17.3675764195
 10
92.5128962527
 20
17.9371745008
 10
94.4323305831
 20
18.5786569178
 10
96.2583882804
 20
19.2887791463
  0
SPLINE
  5
375
330
361
100
AcDbEntity
  8
0
  6
Continuous
 62
     7
370
    25
100
AcDbSpline
210
0.0
220
0.0
230
1.0
 70
     8
 71
     3
 72
    10
 73
     6
 74
     0
 42
0.00000001
 43
0.00000001
 40
0.0
 40
0.0
 40
0.0
 40
0.0
 40
0.5
 40
0.5
 40
1.0
 40
1.0
 40
1.0
 40
1.0
 10
108.0342814495784
 20
30.78241188611695
 30
0.0
 10
109.0619111739373
 20
33.4727765497197
 30
0.0
 10
110.0787555478282
 20
36.1003946062257
 30
0.0
 10
112.0868185638186
 20
41.22767192677701
 30
0.0
 10
113.0780874581322
 20
43.72738798691983
 30
0.0
 10
114.0474164196868
 20
46.15538077220914
 30
0.0
  0
SPLINE
  5
376
330
361
100
AcDbEntity
  8
0
  6
Continuous
 62
     7
370
    25
100
AcDbSpline
210
0.0
220
0.0
230
1.0
 70
     8
 71
     3
 72
    12
 73
     8
 74
     0
 42
0.00000001
 43
0.00000001
 40
0.0
 40
0.0
 40
0.0
 40
0.0
 40
0.2499999999999949
 40
0.2499999999999949
 40
0.4999999999999899
 40
0.4999999999999899
 40
1.0
 40
1.0
 40
1.0
 40
1.0
 10
109.5798983518549
 20
146.3196539035515
 30
0.0
 10
109.4682955818192
 20
146.3546226256275
 30
0.0
 10
109.3727960156463
 20
146.400725228929
 30
0.0
 10
109.2222115058497
 20
146.5092520878814
 30
0.0
 10
109.168196583833
 20
146.5713077339298
 30
0.0
 10
109.0783702921418
 20
146.7651130069919
 30
0.0
 10
109.1149606780614
 20
146.9054632755641
 30
0.0
 10
109.2367302004293
 20
147.0243140624125
 30
0.0
  0
SPLINE
  5
377
330
361
100
AcDbEntity
  8
0
  6
Continuous
 62
     7
370
    25
100
AcDbSpline
210
0.0
220
0.0
230
1.0
 70
     8
 71
     3
 72
    14
 73
    10
 74
     0
 42
0.00000001
 43
0.00000001
 40
0.0
 40
0.0
 40
0.0
 40
0.0
 40
0.25
 40
0.25
 40
0.5
 40
0.5
 40
0.75
 40
0.75
 40
1.0
 40
1.0
 40
1.0
 40
1.0
 10
16.55717603422054
 20
132.2665845624832
 30
0.0
 10
16.672687581273
 20
132.2351909991075
 30
0.0
 10
16.77492172711717
 20
132.1942368755618
 30
0.0
 10
16.94899797767571
 20
132.0944295786026
 30
0.0
 10
17.01735661008735
 20
132.0373804960585
 30
0.0
 10
17.11035416358575
 20
131.912411855805
 30
0.0
 10
17.13350909247888
 20
131.8459434764566
 30
0.0
 10
17.1282906438306
 20
131.7125689790192
 30
0.0
 10
17.09995260164623
 20
131.6465190351722
 30
0.0
 10
17.04607124081915
 20
131.5851290951037
 30
0.0
  0
LWPOLYLINE
  5
379
330
361
100
AcDbEntity
  8
0
  6
Continuous
 62
     7
370
    25
100
AcDbPolyline
 90
        9
 70
   128
 43
0.0
 10
12.5395308447
 20
133.9408412507
 10
12.4654769372
 20
133.8473572886
 10
12.4282565722
 20
133.7482287363
 10
12.4293001076
 20
133.6472650483
 10
12.4685674408
 20
133.5483462025
 10
12.5445495503
 20
133.4552735949
 10
12.6543264861
 20
133.3716239534
 10
12.7936795823
 20
133.3006118869
 10
12.9572535774
 20
133.2449663492
  0
SPLINE
  5
37D
330
361
100
AcDbEntity
  8
0
  6
Continuous
 62
     7
370
    25
100
AcDbSpline
210
0.0
220
0.0
230
1.0
 70
     8
 71
     3
 72
    12
 73
     8
 74
     0
 42
0.00000001
 43
0.00000001
 40
0.0
 40
0.0
 40
0.0
 40
0.0
 40
0.25
 40
0.25
 40
0.5
 40
0.5
 40
1.0
 40
1.0
 40
1.0
 40
1.0
 10
20.72551936949644
 20
135.1763832673895
 30
0.0
 10
20.65762395791532
 20
135.1189035915557
 30
0.0
 10
20.56811095771697
 20
135.0697176788393
 30
0.0
 10
20.35739477140145
 20
134.9921609228024
 30
0.0
 10
20.23690727917239
 20
134.9643411813505
 30
0.0
 10
19.86061418065521
 20
134.9180772210015
 30
0.0
 10
19.58810953408772
 20
134.9369226629258
 30
0.0
 10
19.35734836780088
 20
134.9996386033089
 30
0.0
  0
SPLINE
  5
37E
330
361
100
AcDbEntity
  8
0
  6
Continuous
 62
     7
370
    25
100
AcDbSpline
210
0.0
220
0.0
230
1.0
 70
     8
 71
     3
 72
    14
 73
    10
 74
     0
 42
0.00000001
 43
0.00000001
 40
0.0
 40
0.0
 40
0.0
 40
0.0
 40
0.25
 40
0.25
 40
0.5
 40
0.5
 40
0.75
 40
0.75
 40
1.0
 40
1.0
 40
1.0
 40
1.0
 10
103.9302214703648
 20
148.466509430516
 30
0.0
 10
103.8692676013109
 20
148.4070165856922
 30
0.0
 10
103.7897509101365
 20
148.3543621080266
 30
0.0
 10
103.5959646604954
 20
148.2647062110513
 30
0.0
 10
103.4851979321248
 20
148.2294989126106
 30
0.0
 10
103.2425583170338
 20
148.1816016316854
 30
0.0
 10
103.1135030440617
 20
148.1696759616837
 30
0.0
 10
102.8545425828169
 20
148.1723636614294
 30
0.0
 10
102.7262997458992
 20
148.1869588321228
 30
0.0
 10
102.6071047910812
 20
148.2147097844767
 30
0.0
  0
LWPOLYLINE
  5
382
330
361
100
AcDbEntity
  8
0
  6
Continuous
 62
     7
370
    25
100
AcDbPolyline
 90
        9
 70
   128
 43
0.0
 10
111.136360217
 20
148.8784111944
 10
111.2104141244
 20
148.9718951565
 10
111.2476344894
 20
149.0710237089
 10
111.246590954
 20
149.1719873969
 10
111.2073236208
 20
149.2709062426
 10
111.1313415113
 20
149.3639788502
 10
111.0215645755
 20
149.4476284917
 10
110.8822114793
 20
149.5186405582
 10
110.7186374842
 20
149.5742860959
  0
LWPOLYLINE
  5
384
330
361
100
AcDbEntity
  8
0
  6
Continuous
 62
     7
370
    25
100
AcDbPolyline
 90
       20
 70
   128
 43
0.0
 10
16.8920107179
 20
134.8398203416
 10
16.3998910404
 20
134.9238717034
 10
15.8814466091
 20
134.9210704825
 10
15.3928589225
 20
134.8317202347
 10
14.9870740379
 20
134.6655034458
 10
14.7080650438
 20
134.4404322839
 10
14.586066894
 20
134.1808967018
 10
14.634299981
 20
133.9150214069
 10
14.8475375015
 20
133.6716181129
 10
15.2026718614
 20
133.4770633434
 10
15.6612187422
 20
133.3524401267
 10
16.1734874745
 20
133.3112533219
 10
16.6839657923
 20
133.3579661584
 10
17.1373354491
 20
133.4875165756
 10
17.4844668078
 20
133.6858657756
 10
17.6877427993
 20
133.9315195448
 10
17.7251353159
 20
134.1978574857
 10
17.5925922981
 20
134.4560177497
 10
17.3044768386
 20
134.6780246664
 10
16.8920107179
 20
134.8398203416
  0
LWPOLYLINE
  5
385
330
361
100
AcDbEntity
  8
0
  6
Continuous
 62
     7
370
    25
100
AcDbPolyline
 90
       20
 70
   128
 43
0.0
 10
106.7984226408
 20
147.955206418
 10
107.2905423183
 20
147.8711550562
 10
107.8089867497
 20
147.8739562771
 10
108.2975744362
 20
147.9633065249
 10
108.7033593208
 20
148.1295233138
 10
108.982368315
 20
148.3545944757
 10
109.1043664648
 20
148.6141300578
 10
109.0561333777
 20
148.8800053527
 10
108.8428958572
 20
149.1234086467
 10
108.4877614974
 20
149.3179634162
 10
108.0292146165
 20
149.4425866329
 10
107.5169458842
 20
149.4837734377
 10
107.0064675664
 20
149.4370606012
 10
106.5530979096
 20
149.307510184
 10
106.2059665509
 20
149.109160984
 10
106.0026905594
 20
148.8635072148
 10
105.9652980428
 20
148.5971692739
 10
106.0978410606
 20
148.3390090099
 10
106.3859565201
 20
148.1170020932
 10
106.7984226408
 20
147.955206418
  0
LWPOLYLINE
  5
386
330
361
100
AcDbEntity
  8
0
  6
Continuous
 62
     7
370
    25
100
AcDbPolyline
 90
      125
 70
   128
 43
0.0
 10
46.7126114511
 20
89.3096126812
 10
43.9418788642
 20
90.1094967125
 10
41.2533635923
 20
90.9806321226
 10
38.6539670158
 20
91.9207827192
 10
36.1503617482
 20
92.9275351493
 10
33.7489745084
 20
93.9983050939
 10
31.455969623
 20
95.1303439017
 10
29.2772332026
 20
96.3207456455
 10
27.2183580325
 20
97.5664545811
 10
25.2846292155
 20
98.8642729914
 10
23.4810106059
 20
100.2108693953
 10
21.8121320668
 20
101.6027870991
 10
20.2822775855
 20
103.0364530699
 10
18.8953742764
 20
104.5081871078
 10
17.6549823004
 20
106.0142112927
 10
16.564285726
 20
107.550659682
 10
15.6260843557
 20
109.1135882348
 10
14.8427865388
 20
110.6989849359
 10
14.2164029897
 20
112.3027800947
 10
13.748541626
 20
113.9208567921
 10
13.440403441
 20
115.5490614483
 10
13.2927794211
 20
117.1832144853
 10
13.3060485149
 20
118.8191210558
 10
13.480176661
 20
120.4525818111
 10
13.8147168749
 20
122.0794036807
 10
14.3088103965
 20
123.6954106364
 10
14.9611888951
 20
125.2964544113
 10
15.7701777243
 20
126.8784251492
 10
16.7337002213
 20
128.4372619539
 10
17.8492830378
 20
129.9689633135
 10
19.1140624887
 20
131.4695973727
 10
20.5247919032
 20
132.9353120254
 10
22.0778499592
 20
134.362344803
 10
23.7692499789
 20
135.747032533
 10
25.5946501628
 20
137.0858207417
 10
27.5493647346
 20
138.375272779
 10
29.6283759703
 20
139.6120786401
 10
31.8263470777
 20
140.7930634621
 10
34.1376358965
 20
141.9151956738
 10
36.5563093816
 20
142.9755947779
 10
39.0761588326
 20
143.9715387452
 10
41.6907158323
 20
144.9004710017
 10
44.3932688503
 20
145.7600069917
 10
47.1768804718
 20
146.5479402987
 10
50.0344052057
 20
147.2622483091
 10
52.9585078269
 20
147.9010974046
 10
55.941682206
 20
148.4628476685
 10
58.9762705771
 20
148.9460570962
 10
62.0544831954
 20
149.3494852959
 10
65.1684183333
 20
149.6720966731
 10
68.3100825639
 20
149.9130630893
 10
71.4714112802
 20
150.0717659869
 10
74.6442893967
 20
150.1477979779
 10
77.8205721808
 20
150.1409638893
 10
80.9921061602
 20
150.0512812642
 10
84.1507500525
 20
149.8789803165
 10
87.2883956643
 20
149.6245033402
 10
90.3969887043
 20
149.2885035742
 10
93.4685494587
 20
148.871843525
 10
96.495193275
 20
148.375592753
 10
99.4691508021
 20
147.8010251268
 10
102.3827879336
 20
147.1496155533
 10
105.2286254048
 20
146.4230361914
 10
107.9993579918
 20
145.62315216
 10
110.6878732636
 20
144.7520167499
 10
113.2872698401
 20
143.8118661533
 10
115.7908751077
 20
142.8051137232
 10
118.1922623475
 20
141.7343437787
 10
120.4852672329
 20
140.6023049708
 10
122.6640036533
 20
139.411903227
 10
124.7228788234
 20
138.1661942914
 10
126.6566076404
 20
136.8683758811
 10
128.46022625
 20
135.5217794772
 10
130.1291047891
 20
134.1298617735
 10
131.6589592704
 20
132.6961958027
 10
133.0458625795
 20
131.2244617647
 10
134.2862545555
 20
129.7184375798
 10
135.3769511299
 20
128.1819891905
 10
136.3151525002
 20
126.6190606377
 10
137.0984503171
 20
125.0336639366
 10
137.7248338662
 20
123.4298687778
 10
138.1926952299
 20
121.8117920805
 10
138.5008334149
 20
120.1835874243
 10
138.6484574349
 20
118.5494343872
 10
138.635188341
 20
116.9135278167
 10
138.4610601949
 20
115.2800670615
 10
138.1265199811
 20
113.6532451918
 10
137.6324264594
 20
112.0372382362
 10
136.9800479608
 20
110.4361944612
 10
136.1710591316
 20
108.8542237233
 10
135.2075366346
 20
107.2953869187
 10
134.0919538181
 20
105.7636855591
 10
132.8271743672
 20
104.2630514999
 10
131.4164449527
 20
102.7973368472
 10
129.8633868967
 20
101.3703040695
 10
128.171986877
 20
99.9856163396
 10
126.3465866932
 20
98.6468281309
 10
124.3918721213
 20
97.3573760935
 10
122.3128608856
 20
96.1205702324
 10
120.1148897782
 20
94.9395854105
 10
117.8036009594
 20
93.8174531988
 10
115.3849274743
 20
92.7570540947
 10
112.8650780233
 20
91.7611101274
 10
110.2505210236
 20
90.8321778708
 10
107.5479680056
 20
89.9726418808
 10
104.7643563841
 20
89.1847085738
 10
101.9068316502
 20
88.4704005634
 10
98.982729029
 20
87.831551468
 10
95.9995546499
 20
87.269801204
 10
92.9649662788
 20
86.7865917763
 10
89.8867536605
 20
86.3831635767
 10
86.7728185226
 20
86.0605521994
 10
83.631154292
 20
85.8195857833
 10
80.4698255757
 20
85.6608828857
 10
77.2969474592
 20
85.5848508946
 10
74.1206646751
 20
85.5916849832
 10
70.9491306957
 20
85.6813676083
 10
67.7904868034
 20
85.8536685561
 10
64.6528411916
 20
86.1081455323
 10
61.5442481516
 20
86.4441452983
 10
58.4726873972
 20
86.8608053475
 10
55.4460435809
 20
87.3570561195
 10
52.4720860538
 20
87.9316237457
 10
49.5584489223
 20
88.5830333193
 10
46.7126114511
 20
89.3096126812
  0
SPLINE
  5
389
330
361
100
AcDbEntity
  8
0
  6
Continuous
 62
     7
370
    25
100
AcDbSpline
210
0.0
220
0.0
230
1.0
 70
     8
 71
     3
 72
    13
 73
     9
 74
     0
 42
0.00000001
 43
0.00000001
 40
0.0
 40
0.0
 40
0.0
 40
0.0
 40
0.0788826642786789
 40
0.2328225036775282
 40
0.3862110229999081
 40
0.5397923980242267
 40
0.769715602034953
 40
1.0
 40
1.0
 40
1.0
 40
1.0
 10
124.1617387910043
 20
79.52785246867134
 30
0.0
 10
123.9543559049852
 20
78.92206827098913
 30
0.0
 10
123.3422644754635
 20
77.13409375361765
 30
0.0
 10
122.1543136782618
 20
73.93964887616455
 30
0.0
 10
120.6672811650919
 20
70.02622113729004
 30
0.0
 10
118.8314097490628
 20
65.31169528552871
 30
0.0
 10
116.6370860709156
 20
59.76556810930446
 30
0.0
 10
114.911091185814
 20
55.44180249573424
 30
0.0
 10
114.0474164196868
 20
53.2782229351441
 30
0.0
  0
SPLINE
  5
38A
330
361
100
AcDbEntity
  8
0
  6
Continuous
 62
     7
370
    25
100
AcDbSpline
210
0.0
220
0.0
230
1.0
 70
     8
 71
     3
 72
    14
 73
    10
 74
     0
 42
0.00000001
 43
0.00000001
 40
0.0
 40
0.0
 40
0.0
 40
0.0
 40
0.25
 40
0.25
 40
0.5
 40
0.5
 40
0.75
 40
0.75
 40
1.0
 40
1.0
 40
1.0
 40
1.0
 10
114.0474164196868
 20
53.2782229351441
 30
0.0
 10
113.3485512651076
 20
51.5276928050146
 30
0.0
 10
112.6387479036409
 20
49.74130210156739
 30
0.0
 10
111.2049002313762
 20
46.10338846956743
 30
0.0
 10
110.4808246565641
 20
44.251835093835
 30
0.0
 10
109.0220478414083
 20
40.48656495069768
 30
0.0
 10
108.287365474403
 20
38.57286141608199
 30
0.0
 10
106.8073204929289
 20
34.68304423463052
 30
0.0
 10
106.0620569016245
 20
32.70701130636051
 30
0.0
 10
105.3088008777466
 20
30.69741399411637
 30
0.0
  0
LWPOLYLINE
  5
38F
330
361
100
AcDbEntity
  8
0
  6
Continuous
 62
     7
370
    25
100
AcDbPolyline
 90
       20
 70
   128
 43
0.0
 10
118.9076567974
 20
8.8597954801
 10
119.399776475
 20
8.7757441183
 10
119.9182209063
 20
8.7785453391
 10
120.4068085929
 20
8.8678955869
 10
120.8125934775
 20
9.0341123758
 10
121.0916024716
 20
9.2591835377
 10
121.2136006214
 20
9.5187191198
 10
121.1653675344
 20
9.7845944148
 10
120.9521300139
 20
10.0279977088
 10
120.596995654
 20
10.2225524782
 10
120.1384487732
 20
10.347175695
 10
119.6261800409
 20
10.3883624998
 10
119.1157017231
 20
10.3416496632
 10
118.6623320663
 20
10.2120992461
 10
118.3152007076
 20
10.0137500461
 10
118.1119247161
 20
9.7680962769
 10
118.0745321995
 20
9.501758336
 10
118.2070752173
 20
9.243598072
 10
118.4951906768
 20
9.0215911553
 10
118.9076567974
 20
8.8597954801
  0
LWPOLYLINE
  5
390
330
361
100
AcDbEntity
  8
0
  6
Continuous
 62
     7
370
    25
100
AcDbPolyline
 90
       20
 70
   128
 43
0.0
 10
31.5634895833
 20
0.8601672371
 10
32.0556092609
 20
0.7761158753
 10
32.5740536922
 20
0.7789170962
 10
33.0626413787
 20
0.8682673439
 10
33.4684262634
 20
1.0344841329
 10
33.7474352575
 20
1.2595552948
 10
33.8694334073
 20
1.5190908769
 10
33.8212003203
 20
1.7849661718
 10
33.6079627998
 20
2.0283694658
 10
33.2528284399
 20
2.2229242353
 10
32.794281559
 20
2.347547452
 10
32.2820128268
 20
2.3887342568
 10
31.771534509
 20
2.3420214203
 10
31.3181648522
 20
2.2124710031
 10
30.9710334935
 20
2.0141218031
 10
30.767757502
 20
1.7684680339
 10
30.7303649854
 20
1.502130093
 10
30.8629080032
 20
1.243969829
 10
31.1510234627
 20
1.0219629123
 10
31.5634895833
 20
0.8601672371
  0
LWPOLYLINE
  5
391
330
361
100
AcDbEntity
  8
0
  6
Continuous
 62
     7
370
    25
100
AcDbPolyline
 90
       20
 70
   128
 43
0.0
 10
93.4727581008
 20
-15.9654453908
 10
93.9648777783
 20
-16.0494967526
 10
94.4833222096
 20
-16.0466955317
 10
94.9719098962
 20
-15.9573452839
 10
95.3776947808
 20
-15.791128495
 10
95.6567037749
 20
-15.5660573331
 10
95.7787019247
 20
-15.306521751
 10
95.7304688377
 20
-15.0406464561
 10
95.5172313172
 20
-14.7972431621
 10
95.1620969573
 20
-14.6026883926
 10
94.7035500765
 20
-14.4780651759
 10
94.1912813442
 20
-14.4368783711
 10
93.6808030264
 20
-14.4835912076
 10
93.2274333696
 20
-14.6131416248
 10
92.8803020109
 20
-14.8114908248
 10
92.6770260194
 20
-15.057144594
 10
92.6396335028
 20
-15.3234825349
 10
92.7721765206
 20
-15.5816427988
 10
93.0602919801
 20
-15.8036497156
 10
93.4727581008
 20
-15.9654453908
  0
LWPOLYLINE
  5
398
330
361
100
AcDbEntity
  8
0
  6
Continuous
 62
     7
370
    25
100
AcDbPolyline
 90
       32
 70
   128
 43
0.0
 10
43.797259884
 20
5.5774080443
 10
43.7984592694
 20
5.4343283952
 10
43.8981961117
 20
4.265857062
 10
44.1577175639
 20
3.1039198677
 10
44.5757306916
 20
1.9543055761
 10
45.1501529561
 20
0.8227415587
 10
45.8781225892
 20
-0.2851347396
 10
46.7560128506
 20
-1.363803886
 10
47.7794500966
 20
-2.4078919575
 10
48.943335569
 20
-3.4121973137
 10
50.2418707976
 20
-4.3717165115
 10
51.668586488
 20
-5.2816692323
 10
53.2163747514
 20
-6.1375220971
 10
54.8775245162
 20
-6.9350112524
 10
56.6437599445
 20
-7.670163612
 10
58.5062816625
 20
-8.3393166515
 10
60.4558105983
 20
-8.9391366545
 10
62.4826342108
 20
-9.4666353215
 10
64.5766548774
 20
-9.9191846574
 10
66.7274402
 20
-10.2945300642
 10
68.9242749795
 20
-10.5908015734
 10
71.1562145984
 20
-10.8065231621
 10
73.4121395476
 20
-10.9406201068
 10
75.6808108226
 20
-10.9924243373
 10
77.9509259174
 20
-10.9616777653
 10
80.2111751325
 20
-10.8485335699
 10
82.4502979203
 20
-10.6535554349
 10
84.6571389849
 20
-10.3777147401
 10
86.8207038578
 20
-10.0223857221
 10
88.9302136721
 20
-9.589338628
 10
90.9751588629
 20
-9.0807308957
 10
92.945351526
 20
-8.4990964057
  0
LWPOLYLINE
  5
39A
330
361
100
AcDbEntity
  8
0
  6
Continuous
 62
     7
370
    25
100
AcDbPolyline
 90
       18
 70
   128
 43
0.0
 10
95.5171571412
 20
-23.9023151042
 10
97.1890501296
 20
-24.3070160173
 10
98.9263127266
 20
-24.6305393201
 10
100.7141232203
 20
-24.8701248259
 10
102.537228642
 20
-25.0237284757
 10
104.380074899
 20
-25.0900397772
 10
106.2269394767
 20
-25.0684929858
 10
108.0620655779
 20
-24.9592719311
 10
109.8697965536
 20
-24.7633084487
 10
111.6347094805
 20
-24.48227443
 10
113.341746744
 20
-24.1185675579
 10
114.9763445038
 20
-23.6752908514
 10
116.5245569483
 20
-23.1562261911
 10
117.9731752747
 20
-22.5658020535
 10
119.3098403823
 20
-21.9090557293
 10
120.5231483157
 20
-21.1915903464
 10
121.6027475594
 20
-20.4195270667
 10
122.5394273533
 20
-19.5994528618
  0
LWPOLYLINE
  5
39C
330
361
100
AcDbEntity
  8
0
  6
Continuous
 62
     7
370
    25
100
AcDbPolyline
 90
       18
 70
   128
 43
0.0
 10
9.3339077786
 20
11.1673816578
 10
8.5481388563
 20
10.3062931116
 10
7.9199847088
 20
9.411536728
 10
7.4548045261
 20
8.490746253
 10
7.1565670612
 20
7.5517775462
 10
7.0278167712
 20
6.6026415577
 10
7.0696521082
 20
5.651435981
 10
7.2817161476
 20
4.7062761666
 10
7.6621996341
 20
3.7752258849
 10
8.2078564165
 20
2.8662285286
 10
8.9140311437
 20
1.9870393427
 10
9.7746989818
 20
1.1451592592
 10
10.7825170163
 20
0.3477709023
 10
11.9288868992
 20
-0.3983226919
 10
13.2040282066
 20
-1.0867561157
 10
14.5970618827
 20
-1.711655898
 10
16.0961030553
 20
-2.2676906141
 10
17.6883624335
 20
-2.750116372
  0
LWPOLYLINE
  5
3A0
330
361
100
AcDbEntity
  8
0
  6
Continuous
 62
     7
370
    25
100
AcDbPolyline
 90
       18
 70
   128
 43
0.0
 10
142.6073290773
 20
-0.0125655692
 10
143.3930979996
 20
0.848522977
 10
144.0212521471
 20
1.7432793606
 10
144.4864323298
 20
2.6640698356
 10
144.7846697947
 20
3.6030385423
 10
144.9134200847
 20
4.5521745309
 10
144.8715847477
 20
5.5033801076
 10
144.6595207083
 20
6.448539922
 10
144.2790372218
 20
7.3795902037
 10
143.7333804394
 20
8.2885875599
 10
143.0272057122
 20
9.1677767459
 10
142.1665378741
 20
10.0096568294
 10
141.1587198396
 20
10.8070451863
 10
140.0123499567
 20
11.5531387805
 10
138.7372086493
 20
12.2415722043
 10
137.3441749732
 20
12.8664719866
 10
135.8451338006
 20
13.4225067027
 10
134.2528744224
 20
13.9049324606
  0
LWPOLYLINE
  5
3A2
330
361
100
AcDbEntity
  8
0
  6
Continuous
 62
     7
370
    25
100
AcDbPolyline
 90
       18
 70
   128
 43
0.0
 10
122.5394273533
 20
-21.6566543835
 10
121.6027475594
 20
-22.4767285884
 10
120.5231483157
 20
-23.2487918681
 10
119.3098403823
 20
-23.9662572509
 10
117.9731752747
 20
-24.6230035752
 10
116.5245569483
 20
-25.2134277128
 10
114.9763445038
 20
-25.7324923731
 10
113.341746744
 20
-26.1757690796
 10
111.6347094805
 20
-26.5394759516
 10
109.8697965536
 20
-26.8205099704
 10
108.0620655779
 20
-27.0164734528
 10
106.2269394767
 20
-27.1256945075
 10
104.380074899
 20
-27.1472412989
 10
102.537228642
 20
-27.0809299974
 10
100.7141232203
 20
-26.9273263476
 10
98.9263127266
 20
-26.6877408418
 10
97.1890501296
 20
-26.364217539
 10
95.5171571412
 20
-25.9595166259
  0
LWPOLYLINE
  5
3B4
330
361
100
AcDbEntity
  8
0
  6
Continuous
 62
     7
370
    25
100
AcDbPolyline
 90
        7
 70
   128
 43
0.0
 10
12.9572535774
 20
129.8162971464
 10
12.7936795823
 20
129.8719426841
 10
12.6543264861
 20
129.9429547506
 10
12.5445495503
 20
130.0266043921
 10
12.4685674408
 20
130.1196769997
 10
12.4293001076
 20
130.2185958454
 10
12.4239489663
 20
130.2718061532
  0
LWPOLYLINE
  5
3B9
330
361
100
AcDbEntity
  8
0
  6
Continuous
 62
     7
370
    25
100
AcDbPolyline
 90
       20
 70
   128
 43
0.0
 10
130.2286919963
 20
-6.2287171197
 10
130.2685187747
 20
-6.6282017469
 10
130.3836832607
 20
-6.9066517027
 10
130.561705595
 20
-7.0338926137
 10
130.7832942956
 20
-6.996135953
 10
131.0244367885
 20
-6.7974732405
 10
131.2590015427
 20
-6.4594326638
 10
131.4615698276
 20
-6.0186461645
 10
131.6101902262
 20
-5.5228797994
 10
131.6887574124
 20
-5.0258575467
 10
131.6887574124
 20
-4.5814394796
 10
131.6101902262
 20
-4.2377851916
 10
131.4615698276
 20
-4.032134957
 10
131.2590015427
 20
-3.9867741698
 10
131.0244367885
 20
-4.1066183752
 10
130.7832942956
 20
-4.3786805938
 10
130.561705595
 20
-4.7734786629
 10
130.3836832607
 20
-5.2482300858
 10
130.2685187747
 20
-5.7514881791
 10
130.2286919963
 20
-6.2287171197
  0
LWPOLYLINE
  5
3BD
330
361
100
AcDbEntity
  8
0
  6
Continuous
 62
     7
370
    25
100
AcDbPolyline
 90
        9
 70
   128
 43
0.0
 10
138.080841915
 20
1.0066382694
 10
138.0360048099
 20
1.7990011038
 10
137.9032165591
 20
2.4733891004
 10
137.6875801409
 20
3.0038859068
 10
137.3973823417
 20
3.3701048281
 10
137.0437753003
 20
3.5579722766
 10
136.6403479369
 20
3.5602686117
 10
136.2026037389
 20
3.3769055863
 10
135.7473649704
 20
3.0149297389
  0
LWPOLYLINE
  5
3C6
330
361
100
AcDbEntity
  8
0
  6
Continuous
 62
     7
370
    25
100
AcDbPolyline
 90
       13
 70
   128
 43
0.0
 10
17.6883624335
 20
-4.8073178937
 10
16.0961030553
 20
-4.3248921358
 10
14.5970618827
 20
-3.7688574197
 10
13.2040282066
 20
-3.1439576374
 10
11.9288868992
 20
-2.4555242136
 10
10.7825170163
 20
-1.7094306194
 10
9.7746989818
 20
-0.9120422625
 10
8.9140311437
 20
-0.070162179
 10
8.2078564165
 20
0.8090270069
 10
7.6621996341
 20
1.7180243632
 10
7.2817161476
 20
2.6490746449
 10
7.0696521082
 20
3.5942344593
 10
7.0222702121
 20
4.3028622424
  0
LWPOLYLINE
  5
3C8
330
361
100
AcDbEntity
  8
0
  6
Continuous
 62
     7
370
    25
100
AcDbPolyline
 90
       44
 70
   128
 43
0.0
 10
104.7847717141
 20
145.3975333445
 10
101.959037144
 20
146.1186067732
 10
99.0655017568
 20
146.7644280113
 10
96.1117144559
 20
147.3333121848
 10
93.1053813352
 20
147.8237751399
 10
90.0543455744
 20
148.2345373147
 10
86.9665669776
 20
148.5645270777
 10
83.8501012065
 20
148.8128835232
 10
80.7130787646
 20
148.9789587176
 10
77.5636837851
 20
149.0623193897
 10
74.4101326799
 20
149.062748061
 10
71.2606527039
 20
148.9802436132
 10
68.1234604908
 20
148.8150212909
 10
65.0067406166
 20
148.5675121404
 10
61.9186242479
 20
148.2383618846
 10
58.8671679276
 20
147.8284292391
 10
55.8603325567
 20
147.3387836714
 10
52.9059626255
 20
146.7707026108
 10
50.0117657479
 20
146.1256681159
 10
47.1852925529
 20
145.4053630081
 10
44.4339169865
 20
144.6116664811
 10
41.7648170733
 20
143.7466491987
 10
39.1849561903
 20
142.812567892
 10
36.7010649
 20
141.8118594726
 10
34.319623391
 20
140.7471346746
 10
32.0468445725
 20
139.6211712432
 10
29.8886578648
 20
138.4369066886
 10
27.8506937306
 20
137.1974306217
 10
25.9382689858
 20
135.9059766942
 10
24.156372928
 20
134.5659141618
 10
22.5096543206
 20
133.1807390946
 10
21.0024092645
 20
131.7540652563
 10
19.6385699899
 20
130.2896146761
 10
18.4216945978
 20
128.7912079382
 10
17.3549577771
 20
127.2627542148
 10
16.4411425225
 20
125.7082410671
 10
15.6826328734
 20
124.1317240424
 10
15.0814076951
 20
122.5373160936
 10
14.6390355154
 20
120.9291768491
 10
14.3566704327
 20
119.3115017605
 10
14.2350491054
 20
117.6885111574
 10
14.2744888295
 20
116.064439237
 10
14.4748867114
 20
114.4435230174
 10
14.4874603019
 20
114.3719715474
  0
LWPOLYLINE
  5
3C9
330
361
100
AcDbEntity
  8
0
  6
Continuous
 62
     7
370
    25
100
AcDbPolyline
 90
       25
 70
   128
 43
0.0
 10
137.4512238119
 20
114.3576610022
 10
137.4634406218
 20
114.426804828
 10
137.6654997311
 20
116.0476663404
 10
137.7066039395
 20
117.6717273123
 10
137.5866460105
 20
119.2947507539
 10
137.3059389008
 20
120.9125023826
 10
136.8652149431
 20
122.5207616689
 10
136.265623936
 20
124.1153328481
 10
135.5087301439
 20
125.6920558659
 10
134.5965082163
 20
127.2468172321
 10
133.5313380361
 20
128.7755607518
 10
132.3159985106
 20
130.2742981077
 10
130.9536603219
 20
131.7391192652
 10
129.4478776547
 20
133.166202673
 10
127.8025789242
 20
134.5518252336
 10
126.0220565269
 20
135.8923720158
 10
124.1109556423
 20
137.1843456863
 10
122.0742621146
 20
138.4243756331
 10
119.9172894445
 20
139.6092267598
 10
117.6456649275
 20
140.735807925
 10
115.2653149726
 20
141.8011800072
 10
112.782449641
 20
142.8025635721
 10
110.2035464449
 20
143.7373461245
 10
107.5353334482
 20
144.6030889233
 10
104.7847717141
 20
145.3975333445
  0
LINE
  5
3CD
330
361
100
AcDbEntity
  8
0
  6
Continuous
 62
     7
370
    25
100
AcDbLine
 10
12.5496323809
 20
111.3641202798
 30
0.0
 11
44.4163654591
 21
28.9145107195
 31
0.0
  0
LINE
  5
3CE
330
361
100
AcDbEntity
  8
0
  6
Continuous
 62
     7
370
    25
100
AcDbLine
 10
120.3618074515
 20
62.1278420974
 30
0.0
 11
139.391604475
 21
111.3641202798
 31
0.0
  0
LINE
  5
3CF
330
361
100
AcDbEntity
  8
0
  6
Continuous
 62
     7
370
    25
100
AcDbLine
 10
108.1439769719
 20
30.863843415
 30
0.0
 11
108.1439769719
 21
31.0677870637
 31
0.0
  0
LINE
  5
3D0
330
361
100
AcDbEntity
  8
0
  6
Continuous
 62
     7
370
    25
100
AcDbLine
 10
43.797259884
 20
30.5163383314
 30
0.0
 11
43.797259884
 21
5.5774080443
 31
0.0
  0
LINE
  5
3D1
330
361
100
AcDbEntity
  8
0
  6
Continuous
 62
     7
370
    25
100
AcDbLine
 10
12.4239489663
 20
133.700475356
 30
0.0
 11
12.4239489663
 21
130.2718061532
 31
0.0
  0
LINE
  5
3D2
330
361
100
AcDbEntity
  8
0
  6
Continuous
 62
     7
370
    25
100
AcDbLine
 10
137.0586909288
 20
3.5540724303
 30
0.0
 11
135.2898546854
 21
4.0348042196
 31
0.0
  0
LINE
  5
3D3
330
361
100
AcDbEntity
  8
0
  6
Continuous
 62
     7
370
    25
100
AcDbLine
 10
111.2519420953
 20
145.7775529244
 30
0.0
 11
111.2519420953
 21
149.1187770891
 31
0.0
  0
LINE
  5
3D4
330
361
100
AcDbEntity
  8
0
  6
Continuous
 62
     7
370
    25
100
AcDbLine
 10
7.0222702121
 20
6.3600637641
 30
0.0
 11
7.0222702121
 21
4.3028622424
 31
0.0
  0
LINE
  5
3D5
330
361
100
AcDbEntity
  8
0
  6
Continuous
 62
     7
370
    25
100
AcDbLine
 10
144.9189666438
 20
2.7375508028
 30
0.0
 11
144.9189666438
 21
4.7947523245
 31
0.0
  0
LINE
  5
3D6
330
361
100
AcDbEntity
  8
0
  6
Continuous
 62
     7
370
    25
100
AcDbLine
 10
16.5571760342
 20
132.2665845625
 30
0.0
 11
12.9572535774
 21
133.2449663492
 31
0.0
  0
LINE
  5
3D7
330
361
100
AcDbEntity
  8
0
  6
Continuous
 62
     7
370
    25
100
AcDbLine
 10
14.4063124004
 20
135.7628772779
 30
0.0
 11
12.5395308447
 21
133.9408412507
 31
0.0
  0
LINE
  5
3D8
330
361
100
AcDbEntity
  8
0
  6
Continuous
 62
     7
370
    25
100
AcDbLine
 10
19.3573483678
 20
134.9996386033
 30
0.0
 11
15.757425911
 21
135.9780203901
 31
0.0
  0
LINE
  5
3D9
330
361
100
AcDbEntity
  8
0
  6
Continuous
 62
     7
370
    25
100
AcDbLine
 10
105.8298514869
 20
150.3206065625
 30
0.0
 11
103.9302214704
 21
148.4665094305
 31
0.0
  0
LINE
  5
3DA
330
361
100
AcDbEntity
  8
0
  6
Continuous
 62
     7
370
    25
100
AcDbLine
 10
110.7186374842
 20
149.5742860959
 30
0.0
 11
107.1809649975
 21
150.5357496746
 31
0.0
  0
LINE
  5
3DB
330
361
100
AcDbEntity
  8
0
  6
Continuous
 62
     7
370
    25
100
AcDbLine
 10
109.2367302004
 20
147.0243140624
 30
0.0
 11
111.136360217
 21
148.8784111944
 31
0.0
  0
LINE
  5
3DC
330
361
100
AcDbEntity
  8
0
  6
Continuous
 62
     7
370
    25
100
AcDbLine
 10
114.0474164197
 20
46.1553807722
 30
0.0
 11
114.0474164197
 21
53.2782229351
 31
0.0
  0
LINE
  5
3DD
330
361
100
AcDbEntity
  8
0
  6
Continuous
 62
     7
370
    25
100
AcDbLine
 10
122.0777963093
 20
-15.8343238516
 30
0.0
 11
123.8466325527
 21
-16.3150556409
 31
0.0
  0
LINE
  5
3DE
330
361
100
AcDbEntity
  8
0
  6
Continuous
 62
     7
370
    25
100
AcDbLine
 10
138.080841915
 20
-2.4220309334
 30
0.0
 11
123.8466325527
 21
-16.3150556409
 31
0.0
  0
LINE
  5
3DF
330
361
100
AcDbEntity
  8
0
  6
Continuous
 62
     7
370
    25
100
AcDbLine
 10
106.2232316463
 20
-10.5062859749
 30
0.0
 11
109.9567947578
 21
-6.8622139204
 31
0.0
  0
LINE
  5
3E0
330
361
100
AcDbEntity
  8
0
  6
Continuous
 62
     7
370
    25
100
AcDbLine
 10
113.2985766197
 20
-12.4292131323
 30
0.0
 11
106.2232316463
 21
-10.5062859749
 31
0.0
  0
LINE
  5
3E1
330
361
100
AcDbEntity
  8
0
  6
Continuous
 62
     7
370
    25
100
AcDbLine
 10
117.0321397312
 20
-8.7851410779
 30
0.0
 11
113.2985766197
 21
-12.4292131323
 31
0.0
  0
LINE
  5
3E2
330
361
100
AcDbEntity
  8
0
  6
Continuous
 62
     7
370
    25
100
AcDbLine
 10
109.9567947578
 20
-6.8622139204
 30
0.0
 11
117.0321397312
 21
-8.7851410779
 31
0.0
  0
LINE
  5
3E3
330
361
100
AcDbEntity
  8
0
  6
Continuous
 62
     7
370
    25
100
AcDbLine
 10
92.945351526
 20
-1.7731275051
 30
0.0
 11
102.722729552
 21
7.7698931876
 31
0.0
  0
LINE
  5
3E4
330
361
100
AcDbEntity
  8
0
  6
Continuous
 62
     7
370
    25
100
AcDbLine
 10
102.722729552
 20
7.7698931876
 30
0.0
 11
108.1129516662
 21
6.3049463155
 31
0.0
  0
LINE
  5
3E5
330
361
100
AcDbEntity
  8
0
  6
Continuous
 62
     7
370
    25
100
AcDbLine
 10
122.5394273533
 20
-19.5994528618
 30
0.0
 11
142.6073290773
 21
-0.0125655692
 31
0.0
  0
LINE
  5
3E6
330
361
100
AcDbEntity
  8
0
  6
Continuous
 62
     7
370
    25
100
AcDbLine
 10
17.6883624335
 20
-2.750116372
 30
0.0
 11
95.5171571412
 21
-23.9023151042
 31
0.0
  0
LINE
  5
3E7
330
361
100
AcDbEntity
  8
0
  6
Continuous
 62
     7
370
    25
100
AcDbLine
 10
29.4018095026
 20
30.7542689504
 30
0.0
 11
9.3339077786
 21
11.1673816578
 31
0.0
  0
LINE
  5
3E8
330
361
100
AcDbEntity
  8
0
  6
Continuous
 62
     7
370
    25
100
AcDbLine
 10
134.2528744224
 20
13.9049324606
 30
0.0
 11
108.1129516662
 21
21.0092033549
 31
0.0
  0
LINE
  5
3E9
330
361
100
AcDbEntity
  8
0
  6
Continuous
 62
     7
370
    25
100
AcDbLine
 10
122.5394273533
 20
-19.5994528618
 30
0.0
 11
122.5394273533
 21
-21.6566543835
 31
0.0
  0
LINE
  5
3EA
330
361
100
AcDbEntity
  8
0
  6
Continuous
 62
     7
370
    25
100
AcDbLine
 10
95.5171571412
 20
-25.9595166259
 30
0.0
 11
95.5171571412
 21
-23.9023151042
 31
0.0
  0
LINE
  5
3EB
330
361
100
AcDbEntity
  8
0
  6
Continuous
 62
     7
370
    25
100
AcDbLine
 10
108.0342814496
 20
30.7824118861
 30
0.0
 11
108.0342814496
 21
29.4966609351
 31
0.0
  0
LINE
  5
3EC
330
361
100
AcDbEntity
  8
0
  6
Continuous
 62
     7
370
    25
100
AcDbLine
 10
96.2583882804
 20
18.0030281953
 30
0.0
 11
96.2583882804
 21
19.2887791463
 31
0.0
  0
LINE
  5
3ED
330
361
100
AcDbEntity
  8
0
  6
Continuous
 62
     7
370
    25
100
AcDbLine
 10
92.945351526
 20
-8.4990964057
 30
0.0
 11
92.945351526
 21
16.7873389651
 31
0.0
  0
LINE
  5
3EE
330
361
100
AcDbEntity
  8
0
  6
Continuous
 62
     7
370
    25
100
AcDbLine
 10
108.1129516662
 20
30.1363051438
 30
0.0
 11
108.1129516662
 21
6.3049463155
 31
0.0
  0
LINE
  5
3EF
330
361
100
AcDbEntity
  8
0
  6
Continuous
 62
     7
370
    25
100
AcDbLine
 10
101.1585485289
 20
33.8343956047
 30
0.0
 11
104.0062237731
 21
36.6138139426
 31
0.0
  0
LINE
  5
3F0
330
361
100
AcDbEntity
  8
0
  6
Continuous
 62
     7
370
    25
100
AcDbLine
 10
104.0062237731
 20
36.6138139426
 30
0.0
 11
102.4757549908
 21
37.0297625636
 31
0.0
  0
LINE
  5
3F1
330
361
100
AcDbEntity
  8
0
  6
Continuous
 62
     7
370
    25
100
AcDbLine
 10
17.6883624335
 20
-2.750116372
 30
0.0
 11
17.6883624335
 21
-4.8073178937
 31
0.0
  0
LINE
  5
3F2
330
361
100
AcDbEntity
  8
0
  6
Continuous
 62
     7
370
    25
100
AcDbLine
 10
17.6883624335
 20
-4.8073178937
 30
0.0
 11
95.5171571412
 21
-25.9595166259
 31
0.0
  0
LINE
  5
3F3
330
361
100
AcDbEntity
  8
0
  6
Continuous
 62
     7
370
    25
100
AcDbLine
 10
12.9572535774
 20
133.2449663492
 30
0.0
 11
12.9572535774
 21
129.8162971464
 31
0.0
  0
LINE
  5
3F4
330
361
100
AcDbEntity
  8
0
  6
Continuous
 62
     7
370
    25
100
AcDbLine
 10
15.1743410276
 20
129.2137402839
 30
0.0
 11
12.9572535774
 21
129.8162971464
 31
0.0
  0
LINE
  5
3F5
330
361
100
AcDbEntity
  8
0
  6
Continuous
 62
     7
370
    25
100
AcDbLine
 10
142.6073290773
 20
-2.0697670909
 30
0.0
 11
142.6073290773
 21
-0.0125655692
 31
0.0
  0
LINE
  5
3F6
330
361
100
AcDbEntity
  8
0
  6
Continuous
 62
     7
370
    25
100
AcDbLine
 10
122.5394273533
 20
-21.6566543835
 30
0.0
 11
142.6073290773
 21
-2.0697670909
 31
0.0
  0
LINE
  5
3F7
330
361
100
AcDbEntity
  8
0
  6
Continuous
 62
     7
370
    25
100
AcDbLine
 10
123.8466325527
 20
-12.8863864381
 30
0.0
 11
122.0777963093
 21
-12.4056546487
 31
0.0
  0
LINE
  5
3F8
330
361
100
AcDbEntity
  8
0
  6
Continuous
 62
     7
370
    25
100
AcDbLine
 10
124.411273254
 20
-5.8422731112
 30
0.0
 11
126.1801094973
 21
-6.3230049006
 31
0.0
  0
LINE
  5
3F9
330
361
100
AcDbEntity
  8
0
  6
Continuous
 62
     7
370
    25
100
AcDbLine
 10
138.080841915
 20
1.0066382694
 30
0.0
 11
138.080841915
 21
-2.4220309334
 31
0.0
  0
LINE
  5
3FA
330
361
100
AcDbEntity
  8
0
  6
Continuous
 62
     7
370
    25
100
AcDbLine
 10
123.8466325527
 20
-12.8863864381
 30
0.0
 11
123.8466325527
 21
-16.3150556409
 31
0.0
  0
LINE
  5
3FB
330
361
100
AcDbEntity
  8
0
  6
Continuous
 62
     7
370
    25
100
AcDbLine
 10
126.1801094973
 20
-6.3230049006
 30
0.0
 11
135.7473649704
 21
3.0149297389
 31
0.0
  0
LINE
  5
3FC
330
361
100
AcDbEntity
  8
0
  6
Continuous
 62
     7
370
    25
100
AcDbLine
 10
122.0777963093
 20
-12.4056546487
 30
0.0
 11
122.0777963093
 21
-15.8343238516
 31
0.0
  0
LINE
  5
3FD
330
361
100
AcDbEntity
  8
0
  6
Continuous
 62
     7
370
    25
100
AcDbLine
 10
135.7473649704
 20
3.0149297389
 30
0.0
 11
133.978528727
 21
3.4956615283
 31
0.0
  0
LINE
  5
3FE
330
361
100
AcDbEntity
  8
0
  6
Continuous
 62
     7
370
    25
100
AcDbLine
 10
133.978528727
 20
3.4956615283
 30
0.0
 11
124.411273254
 21
-5.8422731112
 31
0.0
  0
LINE
  5
3FF
330
361
100
AcDbEntity
  8
0
  6
Continuous
 62
     7
370
    25
100
AcDbLine
 10
102.722729552
 20
7.7698931876
 30
0.0
 11
102.722729552
 21
29.0662990359
 31
0.0
  0
LINE
  5
400
330
361
100
AcDbEntity
  8
0
  6
Continuous
 62
     7
370
    25
100
AcDbLine
 10
109.9567947578
 20
-6.8622139204
 30
0.0
 11
109.9567947578
 21
-8.9194154421
 31
0.0
  0
LINE
  5
401
330
361
100
AcDbEntity
  8
0
  6
Continuous
 62
     7
370
    25
100
AcDbLine
 10
107.8718823165
 20
-10.9543539007
 30
0.0
 11
109.9567947578
 21
-8.9194154421
 31
0.0
  0
LINE
  5
402
330
361
100
AcDbEntity
  8
0
  6
Continuous
 62
     7
370
    25
100
AcDbLine
 10
109.9567947578
 20
-8.9194154421
 30
0.0
 11
115.383489061
 21
-10.3942746737
 31
0.0
  0
LINE
  5
403
330
361
100
AcDbEntity
  8
0
  6
Continuous
 62
     7
370
    25
100
AcDbLine
 10
16.8412009136
 20
131.343776944
 30
0.0
 11
16.5571760342
 21
132.2665845625
 31
0.0
  0
LINE
  5
404
330
361
100
AcDbEntity
  8
0
  6
Continuous
 62
     7
370
    25
100
AcDbLine
 10
109.2367302004
 20
147.0243140624
 30
0.0
 11
109.1703382201
 21
146.5849232458
 31
0.0
  0
LINE
  5
405
330
361
100
AcDbEntity
  8
0
  6
Continuous
 62
     7
370
    25
100
AcDbLine
 10
111.136360217
 20
145.8162182498
 30
0.0
 11
111.136360217
 21
148.8784111944
 31
0.0
  0
ARC
  5
406
330
361
100
AcDbEntity
  8
0
  6
Continuous
 62
     7
370
    25
100
AcDbCircle
 10
15.2990325913
 20
134.5066475532
 30
0.0
 40
1.54112376547861
100
AcDbArc
 50
72.6960345908
 51
125.398914916
  0
ARC
  5
407
330
361
100
AcDbEntity
  8
0
  6
Continuous
 62
     7
370
    25
100
AcDbCircle
 10
106.7225716778
 20
149.0643768378
 30
0.0
 40
1.541123765478745
100
AcDbArc
 50
72.6960345908
 51
125.398914916
  0
ARC
  5
408
330
361
100
AcDbEntity
  8
0
  6
Continuous
 62
     7
370
    25
100
AcDbCircle
 10
33.5574536083
 20
117.9846289658
 30
0.0
 40
19.40917150034442
100
AcDbArc
 50
190.7271060947
 51
211.1582742583
  0
ARC
  5
409
330
361
100
AcDbEntity
  8
0
  6
Continuous
 62
     7
370
    25
100
AcDbCircle
 10
118.8677847014
 20
117.81746342
 30
0.0
 40
18.90276281253131
100
AcDbArc
 50
330.464559949
 51
349.4536095793
  0
ARC
  5
40A
330
361
100
AcDbEntity
  8
0
  6
Continuous
 62
     7
370
    25
100
AcDbCircle
 10
96.5042302835
 20
32.0984139129
 30
0.0
 40
8.915338699157168
100
AcDbArc
 50
350.9587859146
 51
43.4532410941
  0
ARC
  5
40B
330
361
100
AcDbEntity
  8
0
  6
Continuous
 62
     7
370
    25
100
AcDbCircle
 10
43.7881697341
 20
13.5009795553
 30
0.0
 40
22.46426842030954
100
AcDbArc
 50
95.262293516
 51
129.8224590466
  0
ARC
  5
40C
330
361
100
AcDbEntity
  8
0
  6
Continuous
 62
     7
370
    25
100
AcDbCircle
 10
106.9158185157
 20
8.4076782715
 30
0.0
 40
22.34759101723531
100
AcDbArc
 50
94.1237047865
 51
109.4919336485
  0
ARC
  5
40D
330
361
100
AcDbEntity
  8
0
  6
Continuous
 62
     7
370
    25
100
AcDbCircle
 10
107.2081962854
 20
6.2703533734
 30
0.0
 40
23.24099351680102
100
AcDbArc
 50
87.9630317689
 51
110.9092649703
  0
ARC
  5
40E
330
361
100
AcDbEntity
  8
0
  6
Continuous
 62
     7
370
    25
100
AcDbCircle
 10
99.5408821748
 20
30.8661185006
 30
0.0
 40
8.603095097916302
100
AcDbArc
 50
350.8405823704
 51
359.9848481503
  0
ARC
  5
40F
330
361
100
AcDbEntity
  8
0
  6
Continuous
 62
     7
370
    25
100
AcDbCircle
 10
80.5758520058
 20
55.6193544104
 30
0.0
 40
40.75450824046902
100
AcDbArc
 50
287.6686900428
 51
292.631631504
  0
ARC
  5
410
330
361
100
AcDbEntity
  8
0
  6
Continuous
 62
     7
370
    25
100
AcDbCircle
 10
132.3025735512
 20
-12.3443655146
 30
0.0
 40
10.22496092917781
100
AcDbArc
 50
140.5129436103
 51
180.3434369839
  0
ARC
  5
411
330
361
100
AcDbEntity
  8
0
  6
Continuous
 62
     7
370
    25
100
AcDbCircle
 10
134.0714097945
 20
-12.825097304
 30
0.0
 40
10.22496092917791
100
AcDbArc
 50
140.5129436103
 51
180.3434369839
  0
ARC
  5
412
330
361
100
AcDbEntity
  8
0
  6
Continuous
 62
     7
370
    25
100
AcDbCircle
 10
135.0720679698
 20
2.7002114608
 30
0.0
 40
1.352245867205654
100
AcDbArc
 50
80.7318299956
 51
143.9675277132
  0
ARC
  5
413
330
361
100
AcDbEntity
  8
0
  6
Continuous
 62
     7
370
    25
100
AcDbCircle
 10
138.1872506175
 20
3.0151069989
 30
0.0
 40
6.73743557296496
100
AcDbArc
 50
310.9991325913
 51
357.6389681144
  0
VIEWPORT
  5
4D5
330
361
100
AcDbEntity
  8
0
100
AcDbViewport
 10
0.0
 20
0.0
 30
0.0
 40
205.6
 41
156.0
 68
     1
 69
     1
 12
44.5
 22
66.7
 13
0.0
 23
0.0
 14
10.0
 24
10.0
 15
10.0
 25
10.0
 16
0.0
 26
0.0
 36
1.0
 17
0.0
 27
0.0
 37
0.0
 42
50.0
 43
0.0
 44
0.0
 45
136.068
 50
0.0
 51
0.0
 72
   100
 90
   557152
  1

281
     0
 71
     1
 74
     0
110
0.0
120
0.0
130
0.0
111
1.0
121
0.0
131
0.0
112
0.0
122
1.0
132
0.0
 79
     0
146
0.0
  0
MTEXT
  5
4EA
330
361
100
AcDbEntity
  8
0
  6
Continuous
 62
     7
100
AcDbMText
 10
7.0222702121
 20
-28.1668076905
 30
0.0
 40
4.83362
 41
0.0
 71
     1
 72
     1
  1
SOLIDWORKS Educational Product.
  7
SLDTEXTSTYLE0
 73
     1
 44
1.0
  0
MTEXT
  5
4EB
330
361
100
AcDbEntity
  8
0
  6
Continuous
 62
     7
100
AcDbMText
 10
7.0222702121
 20
-35.4172376905
 30
0.0
 40
4.83362
 41
0.0
 71
     1
 72
     1
  1
For Instructional Use Only.
  7
SLDTEXTSTYLE0
 73
     1
 44
1.0
  0
ENDBLK
  5
364
330
361
100
AcDbEntity
  8
0
100
AcDbBlockEnd
  0
BLOCK
  5
416
330
414
100
AcDbEntity
  8
0
100
AcDbBlockBegin
  2
*Paper_Space7
 70
     0
 10
0.0
 20
0.0
 30
0.0
  3
*Paper_Space7
  1

  0
SPLINE
  5
41A
330
414
100
AcDbEntity
  8
0
  6
Continuous
 62
     7
370
    25
100
AcDbSpline
210
0.0
220
0.0
230
1.0
 70
     8
 71
     3
 72
    45
 73
    41
 74
     0
 42
0.00000001
 43
0.00000001
 40
0.0
 40
0.0
 40
0.0
 40
0.0
 40
0.0137282990390958
 40
0.0413332508846699
 40
0.0685997916526334
 40
0.0956668320134451
 40
0.1226337483861571
 40
0.1495643294484826
 40
0.1764924473308217
 40
0.2034373363294934
 40
0.230411926042441
 40
0.2574214866456658
 40
0.2844668785973104
 40
0.3115465765894356
 40
0.3386578886622456
 40
0.365797666140925
 40
0.392962699986773
 40
0.4201499285360946
 40
0.4473565345203272
 40
0.4745799789708844
 40
0.5018180005928325
 40
0.5290685974603297
 40
0.5563300007525231
 40
0.583600645964627
 40
0.6108791444892702
 40
0.6381642569802974
 40
0.6654548690625067
 40
0.6927499694783964
 40
0.7200486305113493
 40
0.747349990399715
 40
0.774653237401906
 40
0.8019575951556687
 40
0.8292623089752206
 40
0.8565664363951644
 40
0.8838691718563753
 40
0.9111697399228986
 40
0.9384673299535577
 40
0.9657610815911367
 40
0.9930500690007034
 40
0.9999999999999999
 40
0.9999999999999999
 40
0.9999999999999999
 40
0.9999999999999999
 10
135.3735364724859
 20
127.0578577052882
 30
0.0
 10
135.2980872158464
 20
126.9087748928043
 30
0.0
 10
135.0709241095606
 20
126.4599154038435
 30
0.0
 10
134.5398681781927
 20
125.7065809401393
 30
0.0
 10
133.7920938459144
 20
124.8055471567573
 30
0.0
 10
132.9035520709469
 20
123.912741980639
 30
0.0
 10
131.8840728363097
 20
123.0297870850668
 30
0.0
 10
130.7319599324228
 20
122.1583948457208
 30
0.0
 10
129.4493867656958
 20
121.3009881376894
 30
0.0
 10
128.0383429759022
 20
120.4601590700361
 30
0.0
 10
126.5015718986613
 20
119.6385305440251
 30
0.0
 10
124.8422308826234
 20
118.8386680495691
 30
0.0
 10
123.0639895102205
 20
118.0630714596816
 30
0.0
 10
121.1709363051585
 20
117.3141300784107
 30
0.0
 10
119.1675241839295
 20
116.5941020243006
 30
0.0
 10
117.0585212093626
 20
115.9051063225994
 30
0.0
 10
114.8489735227597
 20
115.2491220986172
 30
0.0
 10
112.5441756039126
 20
114.6279910468486
 30
0.0
 10
110.1496462999524
 20
114.0434211290986
 30
0.0
 10
107.6711086889695
 20
113.4969903883493
 30
0.0
 10
105.1144725075403
 20
112.9901503562418
 30
0.0
 10
102.4858181862222
 20
112.5242288535619
 30
0.0
 10
99.79138184215971
 20
112.1004321568969
 30
0.0
 10
97.03754078700652
 20
111.7198465888215
 30
0.0
 10
94.23079926197119
 20
111.3834396238616
 30
0.0
 10
91.37777421868634
 20
111.092060610985
 30
0.0
 10
88.48518103765288
 20
110.8464412075796
 30
0.0
 10
85.55981913034124
 20
110.6471956116494
 30
0.0
 10
82.60855739170586
 20
110.494820655296
 30
0.0
 10
79.63831954466198
 20
110.3896958486805
 30
0.0
 10
76.65606924153876
 20
110.3320833042218
 30
0.0
 10
73.66879551539036
 20
110.3221280078091
 30
0.0
 10
70.68350365889346
 20
110.359856755658
 30
0.0
 10
67.70719989081533
 20
110.4451814970144
 30
0.0
 10
64.74685612061438
 20
110.5778853760794
 30
0.0
 10
61.80945612578503
 20
110.7576756826626
 30
0.0
 10
58.90173185466867
 20
110.9839893150097
 30
0.0
 10
56.03109918857034
 20
111.2567197697833
 30
0.0
 10
53.90474982567589
 20
111.4948242398981
 30
0.0
 10
52.73624707860652
 20
111.6403380188092
 30
0.0
 10
52.49906045467044
 20
111.6698748958449
 30
0.0
  0
SPLINE
  5
41B
330
414
100
AcDbEntity
  8
0
  6
Continuous
 62
     7
370
    25
100
AcDbSpline
210
0.0
220
0.0
230
1.0
 70
     8
 71
     3
 72
    30
 73
    26
 74
     0
 42
0.00000001
 43
0.00000001
 40
0.0
 40
0.0
 40
0.0
 40
0.0
 40
0.0243073961855497
 40
0.0704873285487269
 40
0.1166580509833335
 40
0.1628132238738763
 40
0.2089502771658132
 40
0.2550663070909979
 40
0.3011580239594484
 40
0.3472217014889816
 40
0.3932531330927518
 40
0.4392476069176713
 40
0.4851999205279199
 40
0.5311044712486245
 40
0.5769554829575305
 40
0.6227474699975417
 40
0.6684761015681114
 40
0.7141397249670928
 40
0.759741941813201
 40
0.8052958054004112
 40
0.8508303798296213
 40
0.8963800827221465
 40
0.942022762565423
 40
0.9878860312549418
 40
1.0
 40
1.0
 40
1.0
 40
1.0
 10
52.49906045467043
 20
111.6698748958448
 30
0.0
 10
52.01122291446788
 20
111.7327536085429
 30
0.0
 10
50.59657674207766
 20
111.9150912166864
 30
0.0
 10
48.2962294535542
 20
112.2505472556077
 30
0.0
 10
45.62340969487336
 20
112.6895716617967
 30
0.0
 10
43.01910025138274
 20
113.1709931367568
 30
0.0
 10
40.48871755096923
 20
113.6927947961123
 30
0.0
 10
38.03850570049001
 20
114.2538265932214
 30
0.0
 10
35.67425201075235
 20
114.852554720775
 30
0.0
 10
33.40163466632321
 20
115.487388797772
 30
0.0
 10
31.22611159841667
 20
116.1565884047396
 30
0.0
 10
29.15293072693763
 20
116.8582803625008
 30
0.0
 10
27.18710522590898
 20
117.5904442100501
 30
0.0
 10
25.33339386446266
 20
118.3509039964514
 30
0.0
 10
23.59627430673075
 20
119.1373165028251
 30
0.0
 10
21.9799062676971
 20
119.947160009502
 30
0.0
 10
20.48809324328492
 20
120.7777246760729
 30
0.0
 10
19.12419091439901
 20
121.626113034452
 30
0.0
 10
17.89113760198222
 20
122.4892486197014
 30
0.0
 10
16.79093787203251
 20
123.36395194057
 30
0.0
 10
15.82623671665576
 20
124.2468188337265
 30
0.0
 10
14.99430008329861
 20
125.1348228460287
 30
0.0
 10
14.30847356700997
 20
126.0242613975042
 30
0.0
 10
13.86382881841179
 20
126.6953610555692
 30
0.0
 10
13.69086887185789
 20
127.0662042683003
 30
0.0
 10
13.65473000979042
 20
127.1436895588579
 30
0.0
  0
LWPOLYLINE
  5
422
330
414
100
AcDbEntity
  8
0
  6
Continuous
 62
     7
370
    25
100
AcDbPolyline
 90
       30
 70
   128
 43
0.0
 10
15.5563219087
 20
140.0040025612
 10
16.9536427399
 20
140.9748005392
 10
18.4946588318
 20
141.9211275521
 10
20.1755248184
 20
142.840622188
 10
21.9920463601
 20
143.7309899911
 10
23.93969061
 20
144.590009187
 10
26.0135975248
 20
145.415536227
 10
28.2085919925
 20
146.2055111367
 10
30.5191967459
 20
146.9579626566
 10
32.9396460301
 20
147.6710131611
 10
35.4638999907
 20
148.3428833436
 10
38.0856597444
 20
148.9718966564
 10
40.7983830977
 20
149.5564834948
 10
43.5953008715
 20
150.0951851132
 10
46.4694337925
 20
150.5866572656
 10
49.4136099091
 20
151.0296735596
 10
52.420482488
 20
151.423128517
 10
55.4825483463
 20
151.7660403321
 10
58.5921665749
 20
152.0575533219
 10
61.7415776055
 20
152.2969400611
 10
64.9229225726
 20
152.4836031973
 10
68.1282629248
 20
152.6170769416
 10
71.349600234
 20
152.6970282311
 10
74.5788961539
 20
152.7232575598
 10
77.808092479
 20
152.6956994765
 10
81.0291312522
 20
152.6144227481
 10
84.2339748723
 20
152.4796301881
 10
87.4146261506
 20
152.2916581502
 10
90.5631482666
 20
152.0509756895
 10
93.6716845733
 20
151.7581833916
  0
LWPOLYLINE
  5
423
330
414
100
AcDbEntity
  8
0
  6
Continuous
 62
     7
370
    25
100
AcDbPolyline
 90
       93
 70
   128
 43
0.0
 10
101.0465347416
 20
150.8290396062
 10
103.9552980658
 20
150.3638842323
 10
106.7908426663
 20
149.8509496911
 10
109.5461107261
 20
149.2915127031
 10
112.2142442411
 20
148.686965736
 10
114.7886020891
 20
148.0388135382
 10
117.2627765606
 20
147.3486693941
 10
119.6306093078
 20
146.6182511081
 10
121.8862066728
 20
145.8493767289
 10
124.0239543573
 20
145.0439600245
 10
126.038531397
 20
144.2040057187
 10
127.9249234058
 20
143.3316045011
 10
129.6784350566
 20
142.4289278233
 10
131.2947017685
 20
141.4982224942
 10
132.7697005701
 20
140.5418050873
 10
134.0997601134
 20
139.5620561749
 10
135.2815698115
 20
138.5614144027
 10
136.3121880792
 20
137.5423704195
 10
137.1890496543
 20
136.5074606785
 10
137.9099719832
 20
135.4592611234
 10
138.473160653
 20
134.4003807771
 10
138.877213858
 20
133.3334552472
 10
139.121125889
 20
132.2611401665
 10
139.2042896364
 20
131.1861045825
 10
139.1264981012
 20
130.1110243144
 10
138.8879449106
 20
129.0385752923
 10
138.4892238359
 20
127.9714268972
 10
137.9313273143
 20
126.9122353166
 10
137.2156439791
 20
125.8636369328
 10
136.343955203
 20
124.8282417615
 10
135.3184306643
 20
123.8086269545
 10
134.1416229467
 20
122.8073303859
 10
132.8164611851
 20
121.8268443343
 10
131.3462437756
 20
120.8696092802
 10
129.7346301652
 20
119.938007831
 10
127.9856317433
 20
119.0343587908
 10
126.1036018572
 20
118.1609113886
 10
124.0932249764
 20
117.3198396802
 10
121.9595050328
 20
116.5132371363
 10
119.7077529652
 20
115.7431114324
 10
117.3435735009
 20
115.0113794511
 10
114.8728512045
 20
114.319862511
 10
112.3017358312
 20
113.6702818334
 10
109.6366270199
 20
113.0642542582
 10
106.884158364
 20
112.5032882193
 10
104.0511808998
 20
111.9887799901
 10
101.1447460546
 20
111.5220102082
 10
98.1720880947
 20
111.1041406875
 10
95.1406061189
 20
110.736211527
 10
92.0578456425
 20
110.4191385212
 10
88.9314798153
 20
110.1537108812
 10
85.7692903231
 20
109.9405892702
 10
82.5791480187
 20
109.7803041588
 10
79.3689933311
 20
109.6732545049
 10
76.1468165007
 20
109.6197067607
 10
72.920637692
 20
109.6197942092
 10
69.6984870305
 20
109.6735166327
 10
66.4883846155
 20
109.7807403135
 10
63.2983205575
 20
109.9411983662
 10
60.1362350905
 20
110.1544914024
 10
57.0099988084
 20
110.4200885248
 10
53.9273930747
 20
110.7373286484
 10
50.896090654
 20
111.1054221462
 10
47.9236366145
 20
111.5234528145
 10
45.0174295476
 20
111.9903801534
 10
42.1847031527
 20
112.5050419566
 10
39.432508232
 20
113.0661572043
 10
36.7676951407
 20
113.6723292519
 10
34.1968967359
 20
114.3220493057
 10
31.7265118676
 20
115.013700179
 10
29.3626894511
 20
115.7455603171
 10
27.1113131625
 20
116.5158080823
 10
24.9779867935
 20
117.3225262883
 10
22.9680203035
 20
118.1637069718
 10
21.0864166028
 20
119.0372563907
 10
19.3378591
 20
119.9410002353
 10
17.7267000451
 20
120.8726890407
 10
16.2569496961
 20
121.8300037853
 10
14.9322663373
 20
122.8105616633
 10
13.7559471741
 20
123.8119220156
 10
12.7309201255
 20
124.8315924046
 10
11.8597365367
 20
125.867034818
 10
11.1445648287
 20
126.9156719864
 10
10.5871851007
 20
127.9748937976
 10
10.1889846996
 20
129.042063794
 10
9.9509547668
 20
130.1145257343
 10
9.8736877711
 20
131.1896102054
 10
9.9573760339
 20
132.2646412667
 10
10.201811251
 20
133.3369431103
 10
10.6063850103
 20
134.4038467216
 10
11.170090307
 20
135.4626965225
 10
11.8915240495
 20
136.5108569813
 10
12.768890552
 20
137.5457191723
  0
SPLINE
  5
424
330
414
100
AcDbEntity
  8
0
  6
Continuous
 62
     7
370
    25
100
AcDbSpline
210
0.0
220
0.0
230
1.0
 70
     8
 71
     3
 72
    62
 73
    58
 74
     0
 42
0.00000001
 43
0.00000001
 40
0.0
 40
0.0
 40
0.0
 40
0.0
 40
0.1249999999999998
 40
0.1249999999999998
 40
0.1874999999999998
 40
0.1874999999999998
 40
0.2499999999999997
 40
0.2499999999999997
 40
0.3124999999999997
 40
0.3124999999999997
 40
0.3437499999999997
 40
0.3437499999999997
 40
0.3749999999999998
 40
0.3749999999999998
 40
0.4062499999999999
 40
0.4062499999999999
 40
0.4374999999999999
 40
0.4374999999999999
 40
0.4531250000000001
 40
0.4531250000000001
 40
0.4687500000000002
 40
0.4687500000000002
 40
0.4765625000000002
 40
0.4765625000000002
 40
0.4843750000000002
 40
0.4843750000000002
 40
0.4921875000000002
 40
0.4921875000000002
 40
0.5000000000000002
 40
0.5000000000000002
 40
0.5078125000000002
 40
0.5078125000000002
 40
0.5156250000000002
 40
0.5156250000000002
 40
0.5234375000000002
 40
0.5234375000000002
 40
0.5312500000000002
 40
0.5312500000000002
 40
0.5468750000000001
 40
0.5468750000000001
 40
0.5625000000000001
 40
0.5625000000000001
 40
0.59375
 40
0.59375
 40
0.6249999999999998
 40
0.6249999999999998
 40
0.6562499999999997
 40
0.6562499999999997
 40
0.6874999999999994
 40
0.6874999999999994
 40
0.7499999999999996
 40
0.7499999999999996
 40
0.8124999999999998
 40
0.8124999999999998
 40
0.8749999999999999
 40
0.8749999999999999
 40
1.0
 40
1.0
 40
1.0
 40
1.0
 10
112.8505910120673
 20
54.86942617076738
 30
0.0
 10
114.4208147940612
 20
59.20564451866193
 30
0.0
 10
115.9745316008023
 20
63.47932086130557
 30
0.0
 10
118.2466392295918
 20
69.77178614759865
 30
0.0
 10
118.9944027158417
 20
71.85016103887298
 30
0.0
 10
120.4605432649321
 20
75.95685769576608
 30
0.0
 10
121.179455088488
 20
77.98647285197238
 30
0.0
 10
122.5742325047672
 20
81.98159340917
 30
0.0
 10
123.2498616484581
 20
83.94579006144437
 30
0.0
 10
124.2123336337393
 20
86.82320762449427
 30
0.0
 10
124.5244806002794
 20
87.77054663125003
 30
0.0
 10
125.1243725009823
 20
89.63102098734295
 30
0.0
 10
125.4124017261865
 20
90.54482224248089
 30
0.0
 10
125.954930903278
 20
92.32812257719908
 30
0.0
 10
126.2091774572489
 20
93.19639110998217
 30
0.0
 10
126.6626228004168
 20
94.85424562737288
 30
0.0
 10
126.8634689067045
 20
95.64716812286636
 30
0.0
 10
127.0902559561717
 20
96.73285992756017
 30
0.0
 10
127.1526377246925
 20
97.07454704311658
 30
0.0
 10
127.2377781054195
 20
97.69790047652106
 30
0.0
 10
127.2605949110178
 20
97.98031535425298
 30
0.0
 10
127.2454485129454
 20
98.3183934504069
 30
0.0
 10
127.2321524542778
 20
98.41713224916055
 30
0.0
 10
127.1833376819043
 20
98.57710853257088
 30
0.0
 10
127.1472788570197
 20
98.63869075612473
 30
0.0
 10
127.0468016420835
 20
98.70612747206458
 30
0.0
 10
126.9826809468904
 20
98.7126156124213
 30
0.0
 10
126.8184909157494
 20
98.65516654688767
 30
0.0
 10
126.7208562619654
 20
98.5915688976312
 30
0.0
 10
126.4956475814763
 20
98.39271986603987
 30
0.0
 10
126.3658723605973
 20
98.25474498796669
 30
0.0
 10
126.0910128739817
 20
97.92502892837743
 30
0.0
 10
125.9433753726957
 20
97.73074222789097
 30
0.0
 10
125.6406339909588
 20
97.30667254492069
 30
0.0
 10
125.48680325478
 20
97.079022423084
 30
0.0
 10
125.1755662755389
 20
96.60079821636951
 30
0.0
 10
125.0173692728179
 20
96.34886495899178
 30
0.0
 10
124.5443847387098
 20
95.57552363427958
 30
0.0
 10
124.2338394475058
 20
95.04185512066698
 30
0.0
 10
123.6185613175355
 20
93.95319800418143
 30
0.0
 10
123.3130612632483
 20
93.39633262126054
 30
0.0
 10
122.4090435212498
 20
91.71425931444946
 30
0.0
 10
121.8264587975981
 20
90.58531905313895
 30
0.0
 10
120.6842491661064
 20
88.31864789284717
 30
0.0
 10
120.1245299026108
 20
87.17961031420603
 30
0.0
 10
119.0285702889288
 20
84.90867100998075
 30
0.0
 10
118.4914635338348
 20
83.7748392250069
 30
0.0
 10
117.4340297727557
 20
81.50920074378843
 30
0.0
 10
116.9148292282335
 20
80.37970913514158
 30
0.0
 10
115.3814992737841
 20
77.00053012113042
 30
0.0
 10
114.3908878907607
 20
74.75898859007144
 30
0.0
 10
112.4585012632524
 20
70.28959402361693
 30
0.0
 10
111.5184347342934
 20
68.06525364140231
 30
0.0
 10
109.6849007063057
 20
63.63521360892935
 30
0.0
 10
108.7907980356443
 20
61.42779794090762
 30
0.0
 10
106.1757757997452
 20
54.83382505346525
 30
0.0
 10
104.5210889952716
 20
50.47447307913382
 30
0.0
 10
102.9510960777267
 20
46.13889227008602
 30
0.0
  0
SPLINE
  5
425
330
414
100
AcDbEntity
  8
0
  6
Continuous
 62
     7
370
    25
100
AcDbSpline
210
0.0
220
0.0
230
1.0
 70
     8
 71
     3
 72
    10
 73
     6
 74
     0
 42
0.00000001
 43
0.00000001
 40
0.0
 40
0.0
 40
0.0
 40
0.0
 40
0.5
 40
0.5
 40
1.0
 40
1.0
 40
1.0
 40
1.0
 10
102.9510960777266
 20
46.13889227008599
 30
0.0
 10
101.9258748671824
 20
43.30771427189789
 30
0.0
 10
100.9851406873765
 20
40.50716868560821
 30
0.0
 10
99.25854447187038
 20
34.95232787823445
 30
0.0
 10
98.4727389891401
 20
32.19807713013522
 30
0.0
 10
97.76349352240685
 20
29.46545474338251
 30
0.0
  0
LWPOLYLINE
  5
426
330
414
100
AcDbEntity
  8
0
  6
Continuous
 62
     7
370
    25
100
AcDbPolyline
 90
       33
 70
   128
 43
0.0
 10
42.578619877
 20
35.6552609397
 10
42.841103846
 20
35.0503001602
 10
43.3129410239
 20
34.3039847563
 10
43.9427149478
 20
33.5707351197
 10
44.7272403136
 20
32.8542599195
 10
45.6625491069
 20
32.1581829823
 10
46.7439106731
 20
31.4860249631
 10
47.9658556439
 20
30.8411855386
 10
49.3222036009
 20
30.2269262121
 10
50.8060943349
 20
29.6463538171
 10
52.4100225442
 20
29.1024048038
 10
54.1258757951
 20
28.5978303864
 10
55.9449755535
 20
28.1351826284
 10
57.8581210796
 20
27.7168015343
 10
59.8556359638
 20
27.3448032144
 10
61.9274170688
 20
27.0210691815
 10
64.0629856294
 20
26.7472368349
 10
66.2515402532
 20
26.5246911785
 10
68.4820115516
 20
26.3545578156
 10
70.743118128
 20
26.2376972559
 10
73.0234236369
 20
26.1747005628
 10
75.3113946273
 20
26.1658863644
 10
77.5954588775
 20
26.2112992416
 10
79.8640639254
 20
26.3107095028
 10
82.1057354994
 20
26.4636143454
 10
84.3091355534
 20
26.6692403992
 10
86.4631196129
 20
26.9265476377
 10
88.5567931425
 20
27.2342346386
 10
90.5795666484
 20
27.5907451663
 10
92.5212092388
 20
27.9942760427
 10
94.3719003704
 20
28.4427862679
 10
96.1222795186
 20
28.9340073428
 10
97.7634935224
 20
29.4654547434
  0
SPLINE
  5
427
330
414
100
AcDbEntity
  8
0
  6
Continuous
 62
     7
370
    25
100
AcDbSpline
210
0.0
220
0.0
230
1.0
 70
     8
 71
     3
 72
    10
 73
     6
 74
     0
 42
0.00000001
 43
0.00000001
 40
0.0
 40
0.0
 40
0.0
 40
0.0
 40
0.5
 40
0.5
 40
1.0
 40
1.0
 40
1.0
 40
1.0
 10
106.6845307878639
 20
37.33307009061964
 30
0.0
 10
107.7089834098902
 20
40.34367905883695
 30
0.0
 10
108.7365715078938
 20
43.31116203072529
 30
0.0
 10
110.7947471968249
 20
49.15842844695172
 30
0.0
 10
111.825369801523
 20
52.03824817257926
 30
0.0
 10
112.8505910120673
 20
54.86942617076738
 30
0.0
  0
SPLINE
  5
428
330
414
100
AcDbEntity
  8
0
  6
Continuous
 62
     7
370
    25
100
AcDbSpline
210
0.0
220
0.0
230
1.0
 70
     8
 71
     3
 72
    12
 73
     8
 74
     0
 42
0.00000001
 43
0.00000001
 40
0.0
 40
0.0
 40
0.0
 40
0.0
 40
0.2499999999999949
 40
0.2499999999999949
 40
0.4999999999999899
 40
0.4999999999999899
 40
1.0
 40
1.0
 40
1.0
 40
1.0
 10
101.0465347415936
 20
150.8290396062254
 30
0.0
 10
100.9273815755369
 20
150.8468892505129
 30
0.0
 10
100.821529952169
 20
150.8725541382679
 30
0.0
 10
100.6460048102952
 20
150.9360346079845
 30
0.0
 10
100.577481722398
 20
150.9736576417139
 30
0.0
 10
100.4417378003566
 20
151.0944139832714
 30
0.0
 10
100.4442927468885
 20
151.1860601088214
 30
0.0
 10
100.536541413825
 20
151.2674157859871
 30
0.0
  0
SPLINE
  5
429
330
414
100
AcDbEntity
  8
0
  6
Continuous
 62
     7
370
    25
100
AcDbSpline
210
0.0
220
0.0
230
1.0
 70
     8
 71
     3
 72
    14
 73
    10
 74
     0
 42
0.00000001
 43
0.00000001
 40
0.0
 40
0.0
 40
0.0
 40
0.0
 40
0.25
 40
0.25
 40
0.5
 40
0.5
 40
0.75
 40
0.75
 40
1.0
 40
1.0
 40
1.0
 40
1.0
 10
12.11987302600305
 20
137.9631760922713
 30
0.0
 10
12.24204505716885
 20
137.9477838631537
 30
0.0
 10
12.35334120994298
 20
137.9257034768663
 30
0.0
 10
12.55008016712807
 20
137.8687927921925
 30
0.0
 10
12.63163244855327
 20
137.8349772860048
 30
0.0
 10
12.75396828413078
 20
137.7585599587981
 30
0.0
 10
12.79293027168878
 20
137.7168288383403
 30
0.0
 10
12.81982802718373
 20
137.6309579640824
 30
0.0
 10
12.80759295198435
 20
137.5873695191531
 30
0.0
 10
12.76889055202424
 20
137.5457191723111
 30
0.0
  0
LWPOLYLINE
  5
42B
330
414
100
AcDbEntity
  8
0
  6
Continuous
 62
     7
370
    25
100
AcDbPolyline
 90
        9
 70
   128
 43
0.0
 10
7.7305153319
 20
138.8725315037
 10
7.6795142115
 20
138.8094369319
 10
7.6664204843
 20
138.7442380963
 10
7.6917373349
 20
138.6794405515
 10
7.7544918509
 20
138.617534431
 10
7.8522724115
 20
138.560898752
 10
7.9813213646
 20
138.5117099921
 10
8.1366794313
 20
138.4718584478
 10
8.3123762881
 20
138.4428755914
  0
SPLINE
  5
42F
330
414
100
AcDbEntity
  8
0
  6
Continuous
 62
     7
370
    25
100
AcDbSpline
210
0.0
220
0.0
230
1.0
 70
     8
 71
     3
 72
    12
 73
     8
 74
     0
 42
0.00000001
 43
0.00000001
 40
0.0
 40
0.0
 40
0.0
 40
0.0
 40
0.25
 40
0.25
 40
0.5
 40
0.5
 40
1.0
 40
1.0
 40
1.0
 40
1.0
 10
15.55632190867396
 20
140.0040025611569
 30
0.0
 10
15.50277297579877
 20
139.9642848391474
 30
0.0
 10
15.42577831251551
 20
139.9290009646999
 30
0.0
 10
15.23533690332041
 20
139.8704925840892
 30
0.0
 10
15.12246780210512
 20
139.8476515547956
 30
0.0
 10
14.76019877734658
 20
139.8024035807925
 30
0.0
 10
14.48526040063129
 20
139.8032552296363
 30
0.0
 10
14.24119336907602
 20
139.8340047852745
 30
0.0
  0
SPLINE
  5
430
330
414
100
AcDbEntity
  8
0
  6
Continuous
 62
     7
370
    25
100
AcDbSpline
210
0.0
220
0.0
230
1.0
 70
     8
 71
     3
 72
    14
 73
    10
 74
     0
 42
0.00000001
 43
0.00000001
 40
0.0
 40
0.0
 40
0.0
 40
0.0
 40
0.25
 40
0.25
 40
0.5
 40
0.5
 40
0.75
 40
0.75
 40
1.0
 40
1.0
 40
1.0
 40
1.0
 10
94.9240553334802
 20
151.9745225668432
 30
0.0
 10
94.87787864611622
 20
151.9337985564643
 30
0.0
 10
94.81163748723831
 20
151.8966998388817
 30
0.0
 10
94.64090543317639
 20
151.8311201865022
 30
0.0
 10
94.53945891458915
 20
151.8039360927004
 30
0.0
 10
94.31020693291447
 20
151.7631574808509
 30
0.0
 10
94.18501357151112
 20
151.750170151668
 30
0.0
 10
93.92740094867642
 20
151.7412042331718
 30
0.0
 10
93.79663561385715
 20
151.7452825915706
 30
0.0
 10
93.6716845733014
 20
151.7581833915543
 30
0.0
  0
LWPOLYLINE
  5
434
330
414
100
AcDbEntity
  8
0
  6
Continuous
 62
     7
370
    25
100
AcDbPolyline
 90
        9
 70
   128
 43
0.0
 10
101.9756399115
 20
152.536581365
 10
102.0266410319
 20
152.5996759367
 10
102.0397347591
 20
152.6648747724
 10
102.0144179085
 20
152.7296723171
 10
101.9516633925
 20
152.7915784377
 10
101.8538828318
 20
152.8482141166
 10
101.7248338788
 20
152.8974028765
 10
101.5694758121
 20
152.9372544209
 10
101.3937789552
 20
152.9662372773
  0
LWPOLYLINE
  5
436
330
414
100
AcDbEntity
  8
0
  6
Continuous
 62
     7
370
    25
100
AcDbPolyline
 90
       20
 70
   128
 43
0.0
 10
11.8332765817
 20
139.6295774255
 10
11.3247326441
 20
139.6632379416
 10
10.8109543645
 20
139.6400333226
 10
10.3476175918
 20
139.5624781489
 10
9.9849320546
 20
139.4389767271
 10
9.7622003585
 20
139.2829123526
 10
9.7035589389
 20
139.1111970218
 10
9.8153625035
 20
138.9424387553
 10
10.0854954012
 20
138.7949251299
 10
10.484684541
 20
138.6846415358
 10
10.9696715856
 20
138.6235389116
 10
11.4879006633
 20
138.6182386747
 10
11.9832136125
 20
138.6693151882
 10
12.4019355894
 20
138.7712335191
 10
12.6986915709
 20
138.9129492349
 10
12.8413234415
 20
139.0791052389
 10
12.814374825
 20
139.2516959498
 10
12.6207660222
 20
139.4120184862
 10
12.2814775509
 20
139.5426994135
 10
11.8332765817
 20
139.6295774255
  0
LWPOLYLINE
  5
437
330
414
100
AcDbEntity
  8
0
  6
Continuous
 62
     7
370
    25
100
AcDbPolyline
 90
       20
 70
   128
 43
0.0
 10
97.8931351482
 20
151.764577713
 10
98.4016790858
 20
151.7309171969
 10
98.9154573653
 20
151.7541218159
 10
99.3787941381
 20
151.8316769896
 10
99.7414796753
 20
151.9551784113
 10
99.9642113713
 20
152.1112427859
 10
100.022852791
 20
152.2829581167
 10
99.9110492264
 20
152.4517163831
 10
99.6409163287
 20
152.5992300085
 10
99.2417271889
 20
152.7095136027
 10
98.7567401443
 20
152.7706162269
 10
98.2385110666
 20
152.7759164637
 10
97.7431981174
 20
152.7248399503
 10
97.3244761404
 20
152.6229216194
 10
97.027720159
 20
152.4812059036
 10
96.8850882884
 20
152.3150498996
 10
96.9120369048
 20
152.1424591886
 10
97.1056457077
 20
151.9821366523
 10
97.4449341789
 20
151.851455725
 10
97.8931351482
 20
151.764577713
  0
LWPOLYLINE
  5
438
330
414
100
AcDbEntity
  8
0
  6
Continuous
 62
     7
370
    25
100
AcDbPolyline
 90
      125
 70
   128
 43
0.0
 10
52.3740604547
 20
111.6205271958
 10
49.4322960842
 20
112.0198280822
 10
46.5549802212
 20
112.4682824423
 10
43.7494988943
 20
112.9647391
 10
41.0230537339
 20
113.5079236582
 10
38.3826434854
 20
114.0964417701
 10
35.8350460442
 20
114.728782718
 10
33.3868010565
 20
115.4033232918
 10
31.0441931318
 20
116.1183319555
 10
28.8132357112
 20
116.8719732921
 10
26.6996556305
 20
117.6623127152
 10
24.7088784192
 20
118.4873214347
 10
22.8460143741
 20
119.3448816652
 10
21.1158454403
 20
120.2327920617
 10
19.5228129368
 20
121.1487733711
 10
18.071006155
 20
122.0904742825
 10
16.7641518623
 20
123.0554774631
 10
15.6056047347
 20
124.0413057636
 10
14.5983387463
 20
125.0454285769
 10
13.7449395343
 20
126.0652683341
 10
13.0475977622
 20
127.0982071213
 10
12.5081034964
 20
128.1415933993
 10
12.127841611
 20
129.1927488105
 10
11.9077882327
 20
130.2489750541
 10
11.8485082354
 20
131.3075608125
 10
11.95015379
 20
132.3657887112
 10
12.2124639739
 20
133.4209422943
 10
12.6347654405
 20
134.4703129978
 10
13.215974148
 20
135.5112071021
 10
13.954598142
 20
136.540952647
 10
14.8487413854
 20
137.5569062903
 10
15.8961086253
 20
138.5564600938
 10
17.0940112848
 20
139.5370482171
 10
18.4393743652
 20
140.4961535045
 10
19.9287443387
 20
141.4313139466
 10
21.5582980139
 20
142.3401289999
 10
23.3238523499
 20
143.2202657491
 10
25.2208751941
 20
144.069464896
 10
27.2444969159
 20
144.8855465584
 10
29.3895229076
 20
145.6664158664
 10
31.650446918
 20
146.4100683398
 10
34.0214651878
 20
147.1145950332
 10
36.496491347
 20
147.7781874368
 10
39.069172039
 20
148.3991421183
 10
41.7329032292
 20
148.9758650961
 10
44.4808471581
 20
149.5068759305
 10
47.3059498928
 20
149.9908115243
 10
50.2009594353
 20
150.4264296218
 10
53.1584443375
 20
150.8126119975
 10
56.1708127781
 20
151.1483673269
 10
59.2303320506
 20
151.4328337309
 10
62.3291484127
 20
151.6652809882
 10
65.4593072475
 20
151.8451124101
 10
68.6127734819
 20
151.9718663718
 10
71.7814522135
 20
152.0452174979
 10
74.9572094894
 20
152.064977497
 10
78.1318931862
 20
152.0310956455
 10
81.2973539364
 20
151.9436589176
 10
84.4454660476
 20
151.8028917621
 10
87.5681483612
 20
151.6091555263
 10
90.6573849965
 20
151.3629475283
 10
93.7052459274
 20
151.0648997806
 10
96.7039073385
 20
150.7157773674
 10
99.645671709
 20
150.316476481
 10
102.522987572
 20
149.8680221209
 10
105.3284688989
 20
149.3715654632
 10
108.0549140593
 20
148.828380905
 10
110.6953243078
 20
148.2398627931
 10
113.242921749
 20
147.6075218452
 10
115.6911667367
 20
146.9329812714
 10
118.0337746614
 20
146.2179726077
 10
120.264732082
 20
145.4643312711
 10
122.3783121627
 20
144.673991848
 10
124.369089374
 20
143.8489831284
 10
126.2319534191
 20
142.991422898
 10
127.9621223529
 20
142.1035125014
 10
129.5551548564
 20
141.187531192
 10
131.0069616382
 20
140.2458302807
 10
132.3138159309
 20
139.2808271001
 10
133.4723630585
 20
138.2949987996
 10
134.4796290469
 20
137.2908759863
 10
135.3330282589
 20
136.2710362291
 10
136.030370031
 20
135.2380974419
 10
136.5698642968
 20
134.1947111639
 10
136.9501261822
 20
133.1435557527
 10
137.1701795605
 20
132.0873295091
 10
137.2294595578
 20
131.0287437507
 10
137.1278140032
 20
129.970515852
 10
136.8655038193
 20
128.9153622689
 10
136.4432023527
 20
127.8659915654
 10
135.8619936452
 20
126.8250974611
 10
135.1233696511
 20
125.7953519162
 10
134.2292264078
 20
124.7793982729
 10
133.1818591679
 20
123.7798444694
 10
131.9839565084
 20
122.7992563461
 10
130.638593428
 20
121.8401510587
 10
129.1492234545
 20
120.9049906166
 10
127.5196697793
 20
119.9961755633
 10
125.7541154433
 20
119.1160388141
 10
123.8570925991
 20
118.2668396672
 10
121.8334708773
 20
117.4507580048
 10
119.6884448856
 20
116.6698886968
 10
117.4275208752
 20
115.9262362234
 10
115.0565026054
 20
115.22170953
 10
112.5814764462
 20
114.5581171264
 10
110.0087957542
 20
113.9371624449
 10
107.345064564
 20
113.3604394671
 10
104.5971206351
 20
112.8294286327
 10
101.7720179004
 20
112.3454930389
 10
98.8770083579
 20
111.9098749414
 10
95.9195234557
 20
111.5236925656
 10
92.9071550151
 20
111.1879372362
 10
89.8476357426
 20
110.9034708323
 10
86.7488193805
 20
110.671023575
 10
83.6186605457
 20
110.4911921531
 10
80.4651943113
 20
110.3644381913
 10
77.2965155797
 20
110.2910870653
 10
74.1207583038
 20
110.2713270662
 10
70.946074607
 20
110.3052089177
 10
67.7806138568
 20
110.3926456456
 10
64.6325017456
 20
110.5334128011
 10
61.509819432
 20
110.7271490369
 10
58.4205827967
 20
110.9733570349
 10
55.3727218658
 20
111.2714047826
 10
52.3740604547
 20
111.6205271958
  0
SPLINE
  5
43B
330
414
100
AcDbEntity
  8
0
  6
Continuous
 62
     7
370
    25
100
AcDbSpline
210
0.0
220
0.0
230
1.0
 70
     8
 71
     3
 72
    13
 73
     9
 74
     0
 42
0.00000001
 43
0.00000001
 40
0.0
 40
0.0
 40
0.0
 40
0.0
 40
0.1141312051699573
 40
0.2621802047013777
 40
0.4096989816077671
 40
0.5574032341768405
 40
0.7785279310439798
 40
1.0
 40
1.0
 40
1.0
 40
1.0
 10
124.4407529517504
 20
95.37702657365179
 30
0.0
 10
124.0630164462919
 20
94.23141647643415
 30
0.0
 10
123.1952867646784
 20
91.59974103456692
 30
0.0
 10
121.6955683063761
 20
87.28713640506578
 30
0.0
 10
120.0146546097399
 20
82.531483088808
 30
0.0
 10
117.9859465985708
 20
76.8759373122892
 30
0.0
 10
115.6017447270972
 20
70.29166724439841
 30
0.0
 10
113.7681219567115
 20
65.23449839394821
 30
0.0
 10
112.8505910120673
 20
62.70392940913855
 30
0.0
  0
SPLINE
  5
43C
330
414
100
AcDbEntity
  8
0
  6
Continuous
 62
     7
370
    25
100
AcDbSpline
210
0.0
220
0.0
230
1.0
 70
     8
 71
     3
 72
    14
 73
    10
 74
     0
 42
0.00000001
 43
0.00000001
 40
0.0
 40
0.0
 40
0.0
 40
0.0
 40
0.25
 40
0.25
 40
0.5
 40
0.5
 40
0.75
 40
0.75
 40
1.0
 40
1.0
 40
1.0
 40
1.0
 10
112.8505910120673
 20
62.70392940913855
 30
0.0
 10
112.1114287583822
 20
60.66271148641006
 30
0.0
 10
111.3700026021719
 20
58.59794648193659
 30
0.0
 10
109.8882786118362
 20
54.42522976636496
 30
0.0
 10
109.1479583846993
 20
52.31725969968181
 30
0.0
 10
107.6711577010248
 20
48.05988045293477
 30
0.0
 10
106.9346919001258
 20
45.91047885679488
 30
0.0
 10
105.4656037493945
 20
41.57007300756938
 30
0.0
 10
104.7330557987424
 20
39.37911621492076
 30
0.0
 10
104.0004804127042
 20
37.16595284161241
 30
0.0
  0
LWPOLYLINE
  5
441
330
414
100
AcDbEntity
  8
0
  6
Continuous
 62
     7
370
    25
100
AcDbPolyline
 90
       20
 70
   128
 43
0.0
 10
116.3559693333
 20
11.5409660578
 10
116.864513271
 20
11.5073055417
 10
117.3782915505
 20
11.5305101608
 10
117.8416283232
 20
11.6080653344
 10
118.2043138604
 20
11.7315667562
 10
118.4270455565
 20
11.8876311308
 10
118.4856869761
 20
12.0593464615
 10
118.3738834116
 20
12.228104728
 10
118.1037505139
 20
12.3756183534
 10
117.7045613741
 20
12.4859019475
 10
117.2195743295
 20
12.5470045717
 10
116.7013452517
 20
12.5523048086
 10
116.2060323026
 20
12.5012282952
 10
115.7873103256
 20
12.3993099642
 10
115.4905543442
 20
12.2575942484
 10
115.3479224735
 20
12.0914382444
 10
115.37487109
 20
11.9188475335
 10
115.5684798928
 20
11.7585249971
 10
115.9077683641
 20
11.6278440698
 10
116.3559693333
 20
11.5409660578
  0
LWPOLYLINE
  5
442
330
414
100
AcDbEntity
  8
0
  6
Continuous
 62
     7
370
    25
100
AcDbPolyline
 90
       20
 70
   128
 43
0.0
 10
31.6083052797
 20
2.7971845397
 10
32.1168492174
 20
2.7635240236
 10
32.6306274969
 20
2.7867286426
 10
33.0939642696
 20
2.8642838163
 10
33.4566498068
 20
2.9877852381
 10
33.6793815029
 20
3.1438496126
 10
33.7380229225
 20
3.3155649434
 10
33.626219358
 20
3.4843232098
 10
33.3560864603
 20
3.6318368352
 10
32.9568973205
 20
3.7421204294
 10
32.4719102759
 20
3.8032230536
 10
31.9536811981
 20
3.8085232904
 10
31.458368249
 20
3.757446777
 10
31.039646272
 20
3.6555284461
 10
30.7428902906
 20
3.5138127303
 10
30.6002584199
 20
3.3476567263
 10
30.6272070364
 20
3.1750660154
 10
30.8208158392
 20
3.014743479
 10
31.1601043105
 20
2.8840625517
 10
31.6083052797
 20
2.7971845397
  0
LWPOLYLINE
  5
443
330
414
100
AcDbEntity
  8
0
  6
Continuous
 62
     7
370
    25
100
AcDbPolyline
 90
       20
 70
   128
 43
0.0
 10
97.0873095504
 20
-5.4523945703
 10
97.5958534881
 20
-5.4860550864
 10
98.1096317676
 20
-5.4628504674
 10
98.5729685403
 20
-5.3852952937
 10
98.9356540775
 20
-5.2617938719
 10
99.1583857736
 20
-5.1057294974
 10
99.2170271932
 20
-4.9340141666
 10
99.1052236287
 20
-4.7652559001
 10
98.835090731
 20
-4.6177422747
 10
98.4359015912
 20
-4.5074586806
 10
97.9509145466
 20
-4.4463560564
 10
97.4326854688
 20
-4.4410558195
 10
96.9373725197
 20
-4.492132333
 10
96.5186505427
 20
-4.5940506639
 10
96.2218945613
 20
-4.7357663797
 10
96.0792626906
 20
-4.9019223837
 10
96.1062113071
 20
-5.0745130946
 10
96.2998201099
 20
-5.234835631
 10
96.6391085812
 20
-5.3655165583
 10
97.0873095504
 20
-5.4523945703
  0
LWPOLYLINE
  5
44A
330
414
100
AcDbEntity
  8
0
  6
Continuous
 62
     7
370
    25
100
AcDbPolyline
 90
       33
 70
   128
 43
0.0
 10
42.3656253526
 20
7.6601678307
 10
42.4278826407
 20
6.9933198446
 10
42.6489882072
 20
6.2399497363
 10
43.0289695352
 20
5.4936551457
 10
43.5659335602
 20
4.758154108
 10
44.2572051305
 20
4.0371108847
 10
45.0993403356
 20
3.3341177087
 10
46.088143663
 20
2.6526768877
 10
47.2186889008
 20
1.9961833556
 10
48.4853436794
 20
1.3679077592
 10
49.8817975326
 20
0.7709801636
 10
51.4010933359
 20
0.2083744584
 10
53.0356619671
 20
-0.3171064582
 10
54.7773600153
 20
-0.8028446437
 10
56.6175103516
 20
-1.2464201532
 10
58.5469453583
 20
-1.6456230965
 10
60.5560526023
 20
-1.9984646468
 10
62.6348227236
 20
-2.3031869498
 10
64.7728993023
 20
-2.5582718809
 10
66.9596304542
 20
-2.7624486084
 10
69.184121898
 20
-2.9146999253
 10
71.4352912313
 20
-3.0142673162
 10
73.7019231422
 20
-3.0606547373
 10
75.9727252846
 20
-3.0536310865
 10
78.2363845363
 20
-2.9932313557
 10
80.4816233609
 20
-2.879756456
 10
82.6972559924
 20
-2.7137717186
 10
84.8722441626
 20
-2.4961040785
 10
86.9957520941
 20
-2.2278379544
 10
89.0572004834
 20
-1.9103098466
 10
91.0463192073
 20
-1.5451016782
 10
92.9531984887
 20
-1.1340329139
 10
94.7683382667
 20
-0.6791514959
  0
LWPOLYLINE
  5
44C
330
414
100
AcDbEntity
  8
0
  6
Continuous
 62
     7
370
    25
100
AcDbPolyline
 90
       18
 70
   128
 43
0.0
 10
101.0247494462
 20
-10.4651803555
 10
102.7810963187
 20
-10.6560568797
 10
104.5827865163
 20
-10.7921007434
 10
106.4144486536
 20
-10.8721512684
 10
108.2604556349
 20
-10.8955254918
 10
110.1050579796
 20
-10.862023993
 10
111.9325181909
 20
-10.771932595
 10
113.7272450227
 20
-10.6260199258
 10
115.4739264983
 20
-10.4255308608
 10
117.1576605473
 20
-10.1721759021
 10
118.7640821444
 20
-9.8681165848
 10
120.2794858671
 20
-9.5159470359
 10
121.690942825
 20
-9.1186718417
 10
122.9864109651
 20
-8.6796804141
 10
124.1548378099
 20
-8.2027180733
 10
125.1862547536
 20
-7.6918540937
 10
126.0718621105
 20
-7.1514469866
 10
126.8041041909
 20
-6.5861073151
  0
LWPOLYLINE
  5
44E
330
414
100
AcDbEntity
  8
0
  6
Continuous
 62
     7
370
    25
100
AcDbPolyline
 90
       18
 70
   128
 43
0.0
 10
7.0710678102
 20
8.4988373432
 10
6.4984382376
 20
7.9133883858
 10
6.0903066464
 20
7.3128249868
 10
5.8501550714
 20
6.7022709412
 10
5.7800324011
 20
6.0869352809
 10
5.8805368975
 20
5.4720678328
 10
6.1508110917
 20
4.8629144292
 10
6.5885490995
 20
4.2646721521
 10
7.1900162945
 20
3.6824449937
 10
7.9500811708
 20
3.1212003108
 10
8.8622591228
 20
2.5857264452
 10
9.9187677699
 20
2.0805918711
 10
11.1105933527
 20
1.6101062186
 10
12.4275676357
 20
1.1782835053
 10
13.8584546586
 20
0.7888078905
 10
15.3910465978
 20
0.4450022426
 10
17.0122679194
 20
0.1497997904
 10
18.7082869345
 20
-0.094280903
  0
LWPOLYLINE
  5
450
330
414
100
AcDbEntity
  8
0
  6
Continuous
 62
     7
370
    25
100
AcDbPolyline
 90
       15
 70
   128
 43
0.0
 10
42.3656253526
 20
26.2001178912
 10
40.8175121583
 20
26.2158611532
 10
38.9729098136
 20
26.1823596544
 10
37.1454496023
 20
26.0922682563
 10
35.3507227705
 20
25.9463555871
 10
33.6040412949
 20
25.7458665221
 10
31.9203072459
 20
25.4925115634
 10
30.3138856488
 20
25.1884522462
 10
28.7984819261
 20
24.8362826972
 10
27.3870249682
 20
24.439007503
 10
26.0915568281
 20
24.0000160755
 10
24.9231299833
 20
23.5230537346
 10
23.8917130396
 20
23.012189755
 10
23.0061056827
 20
22.471782648
 10
22.2738636023
 20
21.9064429764
  0
LWPOLYLINE
  5
452
330
414
100
AcDbEntity
  8
0
  6
Continuous
 62
     7
370
    25
100
AcDbPolyline
 90
       18
 70
   128
 43
0.0
 10
142.006899983
 20
6.8214983181
 10
142.5795295556
 20
7.4069472755
 10
142.9876611468
 20
8.0075106746
 10
143.2278127218
 20
8.6180647202
 10
143.2979353921
 20
9.2334003805
 10
143.1974308957
 20
9.8482678285
 10
142.9271567015
 20
10.4574212322
 10
142.4894186937
 20
11.0556635093
 10
141.8879514987
 20
11.6378906677
 10
141.1278866224
 20
12.1991353505
 10
140.2157086704
 20
12.7346092161
 10
139.1592000233
 20
13.2397437902
 10
137.9673744405
 20
13.7102294428
 10
136.6504001575
 20
14.142052156
 10
135.2195131346
 20
14.5315277709
 10
133.6869211954
 20
14.8753334187
 10
132.0656998738
 20
15.1705358709
 10
130.3696808587
 20
15.4146165643
  0
LWPOLYLINE
  5
454
330
414
100
AcDbEntity
  8
0
  6
Continuous
 62
     7
370
    25
100
AcDbPolyline
 90
       18
 70
   128
 43
0.0
 10
126.8041041909
 20
-8.8488490149
 10
126.0718621105
 20
-9.4141886865
 10
125.1862547536
 20
-9.9545957935
 10
124.1548378099
 20
-10.4654597732
 10
122.9864109651
 20
-10.942422114
 10
121.690942825
 20
-11.3814135416
 10
120.2794858671
 20
-11.7786887357
 10
118.7640821444
 20
-12.1308582847
 10
117.1576605473
 20
-12.4349176019
 10
115.4739264983
 20
-12.6882725607
 10
113.7272450227
 20
-12.8887616256
 10
111.9325181909
 20
-13.0346742949
 10
110.1050579796
 20
-13.1247656929
 10
108.2604556349
 20
-13.1582671917
 10
106.4144486536
 20
-13.1348929683
 10
104.5827865163
 20
-13.0548424433
 10
102.7810963187
 20
-12.9187985796
 10
101.0247494462
 20
-12.7279220554
  0
LWPOLYLINE
  5
465
330
414
100
AcDbEntity
  8
0
  6
Continuous
 62
     7
370
    25
100
AcDbPolyline
 90
       20
 70
   128
 43
0.0
 10
132.1462013859
 20
4.0837327137
 10
132.17637287
 20
3.628187349
 10
132.2636177742
 20
3.2752248889
 10
132.3984817591
 20
3.0630942929
 10
132.5663502195
 20
3.0147832025
 10
132.7490320028
 20
3.1355268741
 10
132.9267307034
 20
3.4122408572
 10
133.0801899096
 20
3.8149388982
 10
133.1927799353
 20
4.2999824157
 10
133.2522999043
 20
4.8148094185
 10
133.2522999043
 20
5.3036304125
 10
133.1927799353
 20
5.713474058
 10
133.0801899096
 20
5.9999274368
 10
132.9267307034
 20
6.1319488804
 10
132.7490320028
 20
6.0952318169
 10
132.5663502195
 20
5.8937551099
 10
132.3984817591
 20
5.5493518868
 10
132.2636177742
 20
5.0993435808
 10
132.17637287
 20
4.5924955744
 10
132.1462013859
 20
4.0837327137
  0
LWPOLYLINE
  5
46A
330
414
100
AcDbEntity
  8
0
  6
Continuous
 62
     7
370
    25
100
AcDbPolyline
 90
        9
 70
   128
 43
0.0
 10
138.0947371812
 20
8.8584436529
 10
138.0607700349
 20
9.7481520432
 10
137.9601739344
 20
10.5437570245
 10
137.7968147313
 20
11.2146839435
 10
137.5769702284
 20
11.7351494549
 10
137.3090889264
 20
12.085152361
 10
137.0034653537
 20
12.2512422464
 10
136.6718444527
 20
12.2270363701
 10
136.3269702287
 20
12.0134649501
  0
LWPOLYLINE
  5
477
330
414
100
AcDbEntity
  8
0
  6
Continuous
 62
     7
370
    25
100
AcDbPolyline
 90
        8
 70
   128
 43
0.0
 10
8.3123762881
 20
134.6716394249
 10
8.1366794313
 20
134.7006222813
 10
7.9813213646
 20
134.7404738257
 10
7.8522724115
 20
134.7896625856
 10
7.7544918509
 20
134.8462982645
 10
7.6917373349
 20
134.9082043851
 10
7.6664204843
 20
134.9730019298
 10
7.6659296787
 20
134.9834442071
  0
LWPOLYLINE
  5
478
330
414
100
AcDbEntity
  8
0
  6
Continuous
 62
     7
370
    25
100
AcDbPolyline
 90
       15
 70
   128
 43
0.0
 10
18.7082869345
 20
-2.3570226029
 10
17.0122679194
 20
-2.1129419094
 10
15.3910465978
 20
-1.8177394572
 10
13.8584546586
 20
-1.4739338094
 10
12.4275676357
 20
-1.0844581945
 10
11.1105933527
 20
-0.6526354813
 10
9.9187677699
 20
-0.1821498288
 10
8.8622591228
 20
0.3229847453
 10
7.9500811708
 20
0.8584586109
 10
7.1900162945
 20
1.4197032938
 10
6.5885490995
 20
2.0019304522
 10
6.1508110917
 20
2.6001727293
 10
5.8805368975
 20
3.2093261329
 10
5.7800324011
 20
3.824193581
 10
5.7793547447
 20
3.8790730405
  0
LWPOLYLINE
  5
47A
330
414
100
AcDbEntity
  8
0
  6
Continuous
 62
     7
370
    25
100
AcDbPolyline
 90
        3
 70
   128
 43
0.0
 10
134.4561415352
 20
12.2491672104
 10
134.8010157592
 20
12.4627386303
 10
135.0811415349
 20
12.4959057106
  0
LWPOLYLINE
  5
47C
330
414
100
AcDbEntity
  8
0
  6
Continuous
 62
     7
370
    25
100
AcDbPolyline
 90
       40
 70
   128
 43
0.0
 10
96.3676580826
 20
149.7677683722
 10
93.3902689171
 20
150.1141847919
 10
90.3636989015
 20
150.4094735781
 10
87.2958440112
 20
150.6528643561
 10
84.1947079295
 20
150.8437221472
 10
81.0683811662
 20
150.9815490252
 10
77.925019951
 20
151.0659854155
 10
74.7728249543
 20
151.0968110331
 10
71.620019893
 20
151.0739454577
 10
68.4748300755
 20
150.9974483427
 10
65.345460943
 20
150.8675192606
 10
62.2400766621
 20
150.6844971814
 10
59.1667788259
 20
150.4488595888
 10
56.1335853176
 20
150.1612212345
 10
53.1484093927
 20
149.8223325339
 10
50.2190390343
 20
149.4330776092
 10
47.3531166352
 20
148.9944719818
 10
44.5581190598
 20
148.5076599239
 10
41.8413381376
 20
147.9739114724
 10
39.2098616397
 20
147.3946191163
 10
36.6705547881
 20
146.7712941629
 10
34.2300423442
 20
146.1055627961
 10
31.8946913264
 20
145.399161833
 10
29.6705943989
 20
144.6539341929
 10
27.5635539766
 20
143.8718240897
 10
25.5790670873
 20
143.0548719594
 10
23.7223110308
 20
142.2052091368
 10
21.9981298717
 20
141.3250522952
 10
20.4110218017
 20
140.4166976632
 10
18.9651274046
 20
139.4825150345
 10
17.6642188537
 20
138.5249415849
 10
16.5116900709
 20
137.546475514
 10
15.5105478722
 20
136.5496695283
 10
14.6634041234
 20
135.5371241806
 10
13.9724689257
 20
134.5114810862
 10
13.4395448501
 20
133.4754160308
 10
13.0660222348
 20
132.4316319899
 10
12.8528755576
 20
131.3828520769
 10
12.8006608938
 20
130.3318124387
 10
12.8906172581
 20
129.3908776075
  0
LWPOLYLINE
  5
47D
330
414
100
AcDbEntity
  8
0
  6
Continuous
 62
     7
370
    25
100
AcDbPolyline
 90
       26
 70
   128
 43
0.0
 10
136.1866663921
 20
129.386722733
 10
136.2713344329
 20
130.1759311125
 10
136.2430057391
 20
131.2270724364
 10
136.0536982977
 20
132.2763604465
 10
135.70390599
 20
133.3210576702
 10
135.1945413842
 20
134.3584386116
 10
134.5269333546
 20
135.3857968624
 10
133.7028236141
 20
136.4004521622
 10
132.7243621711
 20
137.3997573912
 10
131.5941017196
 20
138.3811054761
 10
130.3149909803
 20
139.3419361917
 10
128.8903670068
 20
140.2797428406
 10
127.3239464806
 20
141.1920787922
 10
125.6198160139
 20
142.0765638661
 10
123.7824214885
 20
142.9308905419
 10
121.816556457
 20
143.7528299788
 10
119.7273496368
 20
144.5402378305
 10
117.5202515299
 20
145.29105984
 10
115.2010202033
 20
146.0033371984
 10
112.7757062667
 20
146.6752116552
 10
110.2506370872
 20
147.3049303669
 10
107.6324002821
 20
147.8908504692
 10
104.9278265321
 20
148.4314433634
 10
102.1439717615
 20
148.9252987044
 10
99.2880987294
 20
149.3711280799
 10
96.3676580826
 20
149.7677683722
  0
LINE
  5
481
330
414
100
AcDbEntity
  8
0
  6
Continuous
 62
     7
370
    25
100
AcDbLine
 10
10.3017540516
 20
128.6919776154
 30
0.0
 11
42.578619877
 21
35.6552609397
 31
0.0
  0
LINE
  5
482
330
414
100
AcDbEntity
  8
0
  6
Continuous
 62
     7
370
    25
100
AcDbLine
 10
122.2564122126
 20
81.0743401809
 30
0.0
 11
138.7762137416
 21
128.6919776154
 31
0.0
  0
LINE
  5
483
330
414
100
AcDbEntity
  8
0
  6
Continuous
 62
     7
370
    25
100
AcDbLine
 10
42.3656253526
 20
36.2692087536
 30
0.0
 11
42.3656253526
 21
7.6601678307
 31
0.0
  0
LINE
  5
484
330
414
100
AcDbEntity
  8
0
  6
Continuous
 62
     7
370
    25
100
AcDbLine
 10
7.6659296787
 20
138.7546803735
 30
0.0
 11
7.6659296787
 21
134.9834442071
 31
0.0
  0
LINE
  5
485
330
414
100
AcDbEntity
  8
0
  6
Continuous
 62
     7
370
    25
100
AcDbLine
 10
5.7793547447
 20
6.1418147404
 30
0.0
 11
5.7793547447
 21
3.8790730405
 31
0.0
  0
LINE
  5
486
330
414
100
AcDbEntity
  8
0
  6
Continuous
 62
     7
370
    25
100
AcDbLine
 10
136.9519702283
 20
12.2602034503
 30
0.0
 11
135.0811415349
 21
12.4959057106
 31
0.0
  0
LINE
  5
487
330
414
100
AcDbEntity
  8
0
  6
Continuous
 62
     7
370
    25
100
AcDbLine
 10
143.2986130485
 20
6.9157792211
 30
0.0
 11
143.2986130485
 21
9.178520921
 31
0.0
  0
LINE
  5
488
330
414
100
AcDbEntity
  8
0
  6
Continuous
 62
     7
370
    25
100
AcDbLine
 10
102.0402255647
 20
150.6768009963
 30
0.0
 11
102.0402255647
 21
152.6544324951
 31
0.0
  0
LINE
  5
489
330
414
100
AcDbEntity
  8
0
  6
Continuous
 62
     7
370
    25
100
AcDbLine
 10
12.119873026
 20
137.9631760923
 30
0.0
 11
8.3123762881
 21
138.4428755914
 31
0.0
  0
LINE
  5
48A
330
414
100
AcDbEntity
  8
0
  6
Continuous
 62
     7
370
    25
100
AcDbLine
 10
9.144728894
 20
140.1197506323
 30
0.0
 11
7.7305153319
 21
138.8725315037
 31
0.0
  0
LINE
  5
48B
330
414
100
AcDbEntity
  8
0
  6
Continuous
 62
     7
370
    25
100
AcDbLine
 10
14.2411933691
 20
139.8340047853
 30
0.0
 11
10.4336966312
 21
140.3137042844
 31
0.0
  0
LINE
  5
48C
330
414
100
AcDbEntity
  8
0
  6
Continuous
 62
     7
370
    25
100
AcDbLine
 10
96.3631538311
 20
153.2436881458
 30
0.0
 11
94.9240553335
 21
151.9745225668
 31
0.0
  0
LINE
  5
48D
330
414
100
AcDbEntity
  8
0
  6
Continuous
 62
     7
370
    25
100
AcDbLine
 10
101.3937789552
 20
152.9662372773
 30
0.0
 11
97.6521215683
 21
153.4376417979
 31
0.0
  0
LINE
  5
48E
330
414
100
AcDbEntity
  8
0
  6
Continuous
 62
     7
370
    25
100
AcDbLine
 10
100.5365414138
 20
151.267415786
 30
0.0
 11
101.9756399115
 21
152.536581365
 31
0.0
  0
LINE
  5
48F
330
414
100
AcDbEntity
  8
0
  6
Continuous
 62
     7
370
    25
100
AcDbLine
 10
112.8505910121
 20
54.8694261708
 30
0.0
 11
112.8505910121
 21
62.7039294091
 31
0.0
  0
LINE
  5
490
330
414
100
AcDbEntity
  8
0
  6
Continuous
 62
     7
370
    25
100
AcDbLine
 10
125.4405300771
 20
-4.1871361094
 30
0.0
 11
127.3113587706
 21
-4.4228383697
 31
0.0
  0
LINE
  5
491
330
414
100
AcDbEntity
  8
0
  6
Continuous
 62
     7
370
    25
100
AcDbLine
 10
138.0947371812
 20
5.0872074864
 30
0.0
 11
127.3113587706
 21
-4.4228383697
 31
0.0
  0
LINE
  5
492
330
414
100
AcDbEntity
  8
0
  6
Continuous
 62
     7
370
    25
100
AcDbLine
 10
108.4266880748
 20
-1.4199839374
 30
0.0
 11
111.2551151989
 21
1.07445432
 31
0.0
  0
LINE
  5
493
330
414
100
AcDbEntity
  8
0
  6
Continuous
 62
     7
370
    25
100
AcDbLine
 10
115.9100028486
 20
-2.3627929785
 30
0.0
 11
108.4266880748
 21
-1.4199839374
 31
0.0
  0
LINE
  5
494
330
414
100
AcDbEntity
  8
0
  6
Continuous
 62
     7
370
    25
100
AcDbLine
 10
118.7384299727
 20
0.1316452788
 30
0.0
 11
115.9100028486
 21
-2.3627929785
 31
0.0
  0
LINE
  5
495
330
414
100
AcDbEntity
  8
0
  6
Continuous
 62
     7
370
    25
100
AcDbLine
 10
111.2551151989
 20
1.07445432
 30
0.0
 11
118.7384299727
 21
0.1316452788
 31
0.0
  0
LINE
  5
496
330
414
100
AcDbEntity
  8
0
  6
Continuous
 62
     7
370
    25
100
AcDbLine
 10
94.7683382667
 20
5.0669430502
 30
0.0
 11
100.5577970162
 21
10.1727657425
 31
0.0
  0
LINE
  5
497
330
414
100
AcDbEntity
  8
0
  6
Continuous
 62
     7
370
    25
100
AcDbLine
 10
100.5577970162
 20
10.1727657425
 30
0.0
 11
106.2588234584
 21
9.4545039246
 31
0.0
  0
LINE
  5
498
330
414
100
AcDbEntity
  8
0
  6
Continuous
 62
     7
370
    25
100
AcDbLine
 10
126.8041041909
 20
-6.5861073151
 30
0.0
 11
142.006899983
 21
6.8214983181
 31
0.0
  0
LINE
  5
499
330
414
100
AcDbEntity
  8
0
  6
Continuous
 62
     7
370
    25
100
AcDbLine
 10
18.7082869345
 20
-0.094280903
 30
0.0
 11
101.0247494462
 21
-10.4651803555
 31
0.0
  0
LINE
  5
49A
330
414
100
AcDbEntity
  8
0
  6
Continuous
 62
     7
370
    25
100
AcDbLine
 10
22.2738636023
 20
21.9064429764
 30
0.0
 11
7.0710678102
 21
8.4988373432
 31
0.0
  0
LINE
  5
49B
330
414
100
AcDbEntity
  8
0
  6
Continuous
 62
     7
370
    25
100
AcDbLine
 10
130.3696808587
 20
15.4146165643
 30
0.0
 11
106.2588234584
 21
18.4522990665
 31
0.0
  0
LINE
  5
49C
330
414
100
AcDbEntity
  8
0
  6
Continuous
 62
     7
370
    25
100
AcDbLine
 10
126.8041041909
 20
-6.5861073151
 30
0.0
 11
126.8041041909
 21
-8.8488490149
 31
0.0
  0
LINE
  5
49D
330
414
100
AcDbEntity
  8
0
  6
Continuous
 62
     7
370
    25
100
AcDbLine
 10
101.0247494462
 20
-12.7279220554
 30
0.0
 11
101.0247494462
 21
-10.4651803555
 31
0.0
  0
LINE
  5
49E
330
414
100
AcDbEntity
  8
0
  6
Continuous
 62
     7
370
    25
100
AcDbLine
 10
18.7082869345
 20
-0.094280903
 30
0.0
 11
18.7082869345
 21
-2.3570226029
 31
0.0
  0
LINE
  5
49F
330
414
100
AcDbEntity
  8
0
  6
Continuous
 62
     7
370
    25
100
AcDbLine
 10
18.7082869345
 20
-2.3570226029
 30
0.0
 11
101.0247494462
 21
-12.7279220554
 31
0.0
  0
LINE
  5
4A0
330
414
100
AcDbEntity
  8
0
  6
Continuous
 62
     7
370
    25
100
AcDbLine
 10
94.7683382667
 20
-0.6791514959
 30
0.0
 11
94.7683382667
 21
27.1337152316
 31
0.0
  0
LINE
  5
4A1
330
414
100
AcDbEntity
  8
0
  6
Continuous
 62
     7
370
    25
100
AcDbLine
 10
106.2588234584
 20
35.9042928635
 30
0.0
 11
106.2588234584
 21
9.4545039246
 31
0.0
  0
LINE
  5
4A2
330
414
100
AcDbEntity
  8
0
  6
Continuous
 62
     7
370
    25
100
AcDbLine
 10
106.6845307879
 20
37.3330700906
 30
0.0
 11
106.6845307879
 21
35.9188565282
 31
0.0
  0
LINE
  5
4A3
330
414
100
AcDbEntity
  8
0
  6
Continuous
 62
     7
370
    25
100
AcDbLine
 10
97.7634935224
 20
28.051241181
 30
0.0
 11
97.7634935224
 21
29.4654547434
 31
0.0
  0
LINE
  5
4A4
330
414
100
AcDbEntity
  8
0
  6
Continuous
 62
     7
370
    25
100
AcDbLine
 10
101.0981683092
 20
40.746959502
 30
0.0
 11
101.2850644443
 21
40.9117864001
 31
0.0
  0
LINE
  5
4A5
330
414
100
AcDbEntity
  8
0
  6
Continuous
 62
     7
370
    25
100
AcDbLine
 10
101.2850644443
 20
40.9117864001
 30
0.0
 11
101.1567518022
 21
40.9279522735
 31
0.0
  0
LINE
  5
4A6
330
414
100
AcDbEntity
  8
0
  6
Continuous
 62
     7
370
    25
100
AcDbLine
 10
94.9801797693
 20
27.1913109654
 30
0.0
 11
94.9801797693
 21
25.0527595683
 31
0.0
  0
LINE
  5
4A7
330
414
100
AcDbEntity
  8
0
  6
Continuous
 62
     7
370
    25
100
AcDbLine
 10
142.006899983
 20
4.5587566183
 30
0.0
 11
142.006899983
 21
6.8214983181
 31
0.0
  0
LINE
  5
4A8
330
414
100
AcDbEntity
  8
0
  6
Continuous
 62
     7
370
    25
100
AcDbLine
 10
126.8041041909
 20
-8.8488490149
 30
0.0
 11
142.006899983
 21
4.5587566183
 31
0.0
  0
LINE
  5
4A9
330
414
100
AcDbEntity
  8
0
  6
Continuous
 62
     7
370
    25
100
AcDbLine
 10
138.0947371812
 20
8.8584436529
 30
0.0
 11
138.0947371812
 21
5.0872074864
 31
0.0
  0
LINE
  5
4AA
330
414
100
AcDbEntity
  8
0
  6
Continuous
 62
     7
370
    25
100
AcDbLine
 10
127.3113587706
 20
-0.6516022032
 30
0.0
 11
127.3113587706
 21
-4.4228383697
 31
0.0
  0
LINE
  5
4AB
330
414
100
AcDbEntity
  8
0
  6
Continuous
 62
     7
370
    25
100
AcDbLine
 10
129.0791257232
 20
5.6214669157
 30
0.0
 11
136.3269702287
 21
12.0134649501
 31
0.0
  0
LINE
  5
4AC
330
414
100
AcDbEntity
  8
0
  6
Continuous
 62
     7
370
    25
100
AcDbLine
 10
127.3113587706
 20
-0.6516022032
 30
0.0
 11
125.4405300771
 21
-0.4158999429
 31
0.0
  0
LINE
  5
4AD
330
414
100
AcDbEntity
  8
0
  6
Continuous
 62
     7
370
    25
100
AcDbLine
 10
127.2082970297
 20
5.857169176
 30
0.0
 11
129.0791257232
 21
5.6214669157
 31
0.0
  0
LINE
  5
4AE
330
414
100
AcDbEntity
  8
0
  6
Continuous
 62
     7
370
    25
100
AcDbLine
 10
125.4405300771
 20
-0.4158999429
 30
0.0
 11
125.4405300771
 21
-4.1871361094
 31
0.0
  0
LINE
  5
4AF
330
414
100
AcDbEntity
  8
0
  6
Continuous
 62
     7
370
    25
100
AcDbLine
 10
136.3269702287
 20
12.0134649501
 30
0.0
 11
134.4561415352
 21
12.2491672104
 31
0.0
  0
LINE
  5
4B0
330
414
100
AcDbEntity
  8
0
  6
Continuous
 62
     7
370
    25
100
AcDbLine
 10
134.4561415352
 20
12.2491672104
 30
0.0
 11
127.2082970297
 21
5.857169176
 31
0.0
  0
LINE
  5
4B1
330
414
100
AcDbEntity
  8
0
  6
Continuous
 62
     7
370
    25
100
AcDbLine
 10
100.5577970162
 20
10.1727657425
 30
0.0
 11
100.5577970162
 21
35.243074526
 31
0.0
  0
LINE
  5
4B2
330
414
100
AcDbEntity
  8
0
  6
Continuous
 62
     7
370
    25
100
AcDbLine
 10
94.7683382667
 20
24.865932924
 30
0.0
 11
94.9801797693
 21
25.0527595683
 31
0.0
  0
LINE
  5
4B3
330
414
100
AcDbEntity
  8
0
  6
Continuous
 62
     7
370
    25
100
AcDbLine
 10
111.2551151989
 20
1.07445432
 30
0.0
 11
111.2551151989
 21
-1.1882873799
 31
0.0
  0
LINE
  5
4B4
330
414
100
AcDbEntity
  8
0
  6
Continuous
 62
     7
370
    25
100
AcDbLine
 10
110.671682507
 20
-1.7028266497
 30
0.0
 11
111.2551151989
 21
-1.1882873799
 31
0.0
  0
LINE
  5
4B5
330
414
100
AcDbEntity
  8
0
  6
Continuous
 62
     7
370
    25
100
AcDbLine
 10
8.3123762881
 20
138.4428755914
 30
0.0
 11
8.3123762881
 21
134.6716394249
 31
0.0
  0
LINE
  5
4B6
330
414
100
AcDbEntity
  8
0
  6
Continuous
 62
     7
370
    25
100
AcDbLine
 10
10.5972690953
 20
134.3837699898
 30
0.0
 11
8.3123762881
 21
134.6716394249
 31
0.0
  0
LINE
  5
4B7
330
414
100
AcDbEntity
  8
0
  6
Continuous
 62
     7
370
    25
100
AcDbLine
 10
111.2551151989
 20
-1.1882873799
 30
0.0
 11
116.4934355405
 21
-1.8482537087
 31
0.0
  0
LINE
  5
4B8
330
414
100
AcDbEntity
  8
0
  6
Continuous
 62
     7
370
    25
100
AcDbLine
 10
12.3838937708
 20
137.1124526693
 30
0.0
 11
12.119873026
 21
137.9631760923
 31
0.0
  0
LINE
  5
4B9
330
414
100
AcDbEntity
  8
0
  6
Continuous
 62
     7
370
    25
100
AcDbLine
 10
100.5365414138
 20
151.267415786
 30
0.0
 11
100.5123064799
 21
151.0475157177
 31
0.0
  0
LINE
  5
4BA
330
414
100
AcDbEntity
  8
0
  6
Continuous
 62
     7
370
    25
100
AcDbLine
 10
101.9756399115
 20
150.6869027313
 30
0.0
 11
101.9756399115
 21
152.536581365
 31
0.0
  0
ARC
  5
4BB
330
414
100
AcDbEntity
  8
0
  6
Continuous
 62
     7
370
    25
100
AcDbCircle
 10
10.0656542428
 20
138.3795661289
 30
0.0
 40
1.968843722643488
100
AcDbArc
 50
79.2261330329
 51
117.8883001309
  0
ARC
  5
4BC
330
414
100
AcDbEntity
  8
0
  6
Continuous
 62
     7
370
    25
100
AcDbCircle
 10
97.2840791799
 20
151.5035036424
 30
0.0
 40
1.968843722644235
100
AcDbArc
 50
79.2261330329
 51
117.8883001309
  0
ARC
  5
4BD
330
414
100
AcDbEntity
  8
0
  6
Continuous
 62
     7
370
    25
100
AcDbCircle
 10
20.7523903836
 20
130.7391463938
 30
0.0
 40
7.976547210197899
100
AcDbArc
 50
189.7313750732
 51
207.7035758303
  0
ARC
  5
4BE
330
414
100
AcDbEntity
  8
0
  6
Continuous
 62
     7
370
    25
100
AcDbCircle
 10
128.2454009221
 20
130.7640567624
 30
0.0
 40
8.05982296911865
100
AcDbArc
 50
331.6486836
 51
350.1604962273
  0
ARC
  5
4BF
330
414
100
AcDbEntity
  8
0
  6
Continuous
 62
     7
370
    25
100
AcDbCircle
 10
98.2242488974
 20
35.9777453049
 30
0.0
 40
5.897176245329906
100
AcDbArc
 50
11.6239598337
 51
59.0934216635
  0
ARC
  5
4C0
330
414
100
AcDbEntity
  8
0
  6
Continuous
 62
     7
370
    25
100
AcDbCircle
 10
83.3804095807
 20
69.6556939507
 30
0.0
 40
44.02049061452072
100
AcDbArc
 50
284.9927066459
 51
289.0707900205
  0
ARC
  5
4C1
330
414
100
AcDbEntity
  8
0
  6
Continuous
 62
     7
370
    25
100
AcDbCircle
 10
106.782092516
 20
6.5045917419
 30
0.0
 40
30.78727708611629
100
AcDbArc
 50
95.1837082986
 51
103.3076598456
  0
ARC
  5
4C2
330
414
100
AcDbEntity
  8
0
  6
Continuous
 62
     7
370
    25
100
AcDbCircle
 10
107.2925313425
 20
2.6143581847
 30
0.0
 40
33.31004765210238
100
AcDbArc
 50
91.0458646206
 51
103.9791474432
  0
ARC
  5
4C3
330
414
100
AcDbEntity
  8
0
  6
Continuous
 62
     7
370
    25
100
AcDbCircle
 10
97.8634273985
 20
21.4376729036
 30
0.0
 40
4.624064065829941
100
AcDbArc
 50
128.5744531619
 51
132.0164478039
  0
ARC
  5
4C4
330
414
100
AcDbEntity
  8
0
  6
Continuous
 62
     7
370
    25
100
AcDbCircle
 10
137.1362263141
 20
-0.0346598653
 30
0.0
 40
9.844218612743001
100
AcDbArc
 50
144.9309440897
 51
183.5931111895
  0
ARC
  5
4C5
330
414
100
AcDbEntity
  8
0
  6
Continuous
 62
     7
370
    25
100
AcDbCircle
 10
135.2653976206
 20
0.2010423949
 30
0.0
 40
9.844218612742932
100
AcDbArc
 50
144.9309440897
 51
183.5931111895
  0
ARC
  5
4C6
330
414
100
AcDbEntity
  8
0
  6
Continuous
 62
     7
370
    25
100
AcDbCircle
 10
140.0692510682
 20
7.153099799
 30
0.0
 40
3.23807039093602
100
AcDbArc
 50
306.7551178151
 51
355.7969813533
  0
VIEWPORT
  5
4D7
330
414
100
AcDbEntity
  8
0
100
AcDbViewport
 10
0.0
 20
0.0
 30
0.0
 40
205.6
 41
156.0
 68
     1
 69
     1
 12
44.5
 22
66.7
 13
0.0
 23
0.0
 14
10.0
 24
10.0
 15
10.0
 25
10.0
 16
0.0
 26
0.0
 36
1.0
 17
0.0
 27
0.0
 37
0.0
 42
50.0
 43
0.0
 44
0.0
 45
136.068
 50
0.0
 51
0.0
 72
   100
 90
   557152
  1

281
     0
 71
     1
 74
     0
110
0.0
120
0.0
130
0.0
111
1.0
121
0.0
131
0.0
112
0.0
122
1.0
132
0.0
 79
     0
146
0.0
  0
MTEXT
  5
4EC
330
414
100
AcDbEntity
  8
0
  6
Continuous
 62
     7
100
AcDbMText
 10
5.7793547447
 20
-14.1778335834
 30
0.0
 40
4.83362
 41
0.0
 71
     1
 72
     1
  1
SOLIDWORKS Educational Product.
  7
SLDTEXTSTYLE0
 73
     1
 44
1.0
  0
MTEXT
  5
4ED
330
414
100
AcDbEntity
  8
0
  6
Continuous
 62
     7
100
AcDbMText
 10
5.7793547447
 20
-21.4282635834
 30
0.0
 40
4.83362
 41
0.0
 71
     1
 72
     1
  1
For Instructional Use Only.
  7
SLDTEXTSTYLE0
 73
     1
 44
1.0
  0
ENDBLK
  5
417
330
414
100
AcDbEntity
  8
0
100
AcDbBlockEnd
  0
ENDSEC
  0
SECTION
  2
ENTITIES
  0
LWPOLYLINE
  5
68
330
1F
100
AcDbEntity
  8
0
  6
Continuous
 62
     7
370
    25
100
AcDbPolyline
 90
        4
 70
   128
 43
0.0
 10
104.7429854593
 20
129.4
 10
105.3620614694
 20
131.3017740605
 10
105.3989957986
 20
131.4152367849
 10
106.0450627069
 20
133.4
  0
SPLINE
  5
69
330
1F
100
AcDbEntity
  8
0
  6
Continuous
 62
     7
370
    25
100
AcDbSpline
210
0.0
220
0.0
230
1.0
 70
     8
 71
     3
 72
    62
 73
    58
 74
     0
 42
0.00000001
 43
0.00000001
 40
0.0
 40
0.0
 40
0.0
 40
0.0
 40
0.1249999999999998
 40
0.1249999999999998
 40
0.1874999999999998
 40
0.1874999999999998
 40
0.2499999999999997
 40
0.2499999999999997
 40
0.3124999999999997
 40
0.3124999999999997
 40
0.3437499999999997
 40
0.3437499999999997
 40
0.3749999999999998
 40
0.3749999999999998
 40
0.4062499999999999
 40
0.4062499999999999
 40
0.4374999999999999
 40
0.4374999999999999
 40
0.4531250000000001
 40
0.4531250000000001
 40
0.4687500000000002
 40
0.4687500000000002
 40
0.4765625000000002
 40
0.4765625000000002
 40
0.4843750000000002
 40
0.4843750000000002
 40
0.4921875000000002
 40
0.4921875000000002
 40
0.5000000000000002
 40
0.5000000000000002
 40
0.5078125000000002
 40
0.5078125000000002
 40
0.5156250000000002
 40
0.5156250000000002
 40
0.5234375000000002
 40
0.5234375000000002
 40
0.5312500000000002
 40
0.5312500000000002
 40
0.5468750000000001
 40
0.5468750000000001
 40
0.5625000000000001
 40
0.5625000000000001
 40
0.59375
 40
0.59375
 40
0.6249999999999998
 40
0.6249999999999998
 40
0.6562499999999997
 40
0.6562499999999997
 40
0.6874999999999994
 40
0.6874999999999994
 40
0.7499999999999996
 40
0.7499999999999996
 40
0.8124999999999998
 40
0.8124999999999998
 40
0.8749999999999999
 40
0.8749999999999999
 40
1.0
 40
1.0
 40
1.0
 40
1.0
 10
55.49999999999999
 20
52.30108128453357
 30
0.0
 10
55.5
 20
57.1101653610663
 30
0.0
 10
55.35441905278043
 20
61.90573221219565
 30
0.0
 10
54.86842356066232
 20
69.06721170663701
 30
0.0
 10
54.66136095478507
 20
71.44984758340317
 30
0.0
 10
54.14096321731319
 20
76.19827029324135
 30
0.0
 10
53.82777323384497
 20
78.56544557376745
 30
0.0
 10
53.06735286209453
 20
83.27670768724185
 30
0.0
 10
52.62133157653357
 20
85.61891778784756
 30
0.0
 10
51.81187447124999
 20
89.10544175157168
 30
0.0
 10
51.51840280262643
 20
90.26288076266843
 30
0.0
 10
50.87290944290659
 20
92.56034929735445
 30
0.0
 10
50.52096672936348
 20
93.70109325998382
 30
0.0
 10
49.737446986565
 20
95.96121003665814
 30
0.0
 10
49.30691601810167
 20
97.0788484231891
 30
0.0
 10
48.33427773890534
 20
99.26548557759808
 30
0.0
 10
47.79343062028811
 20
100.3377670738422
 30
0.0
 10
46.83382649487864
 20
101.8823190915524
 30
0.0
 10
46.49099537253778
 20
102.3826471051298
 30
0.0
 10
45.73696868017388
 20
103.340185928132
 30
0.0
 10
45.32465118686429
 20
103.7986225287746
 30
0.0
 10
44.64199865816552
 20
104.4132028809074
 30
0.0
 10
44.40312172605332
 20
104.6064414253094
 30
0.0
 10
43.89491002417628
 20
104.9616847172257
 30
0.0
 10
43.62254803269314
 20
105.125127122427
 30
0.0
 10
43.05352968215661
 20
105.3982964494497
 30
0.0
 10
42.75704214559325
 20
105.5086714286818
 30
0.0
 10
42.13307924533986
 20
105.6616324858623
 30
0.0
 10
41.81579561438534
 20
105.7010519532062
 30
0.0
 10
41.17923617893823
 20
105.7006427808895
 30
0.0
 10
40.85516347897541
 20
105.6594443468952
 30
0.0
 10
40.23723264199194
 20
105.5065539137368
 30
0.0
 10
39.93668596484913
 20
105.3943488240745
 30
0.0
 10
39.36710213600796
 20
105.1193819341306
 30
0.0
 10
39.09982141175928
 20
104.9583886380738
 30
0.0
 10
38.5909477302384
 20
104.6019006508739
 30
0.0
 10
38.34832308713381
 20
104.4052486104812
 30
0.0
 10
37.65900393142014
 20
103.7823292025761
 30
0.0
 10
37.25293514916528
 20
103.3282694784388
 30
0.0
 10
36.50342785689026
 20
102.3746413644233
 30
0.0
 10
36.15999815591081
 20
101.8729764957062
 30
0.0
 10
35.20247821987459
 20
100.3299723989671
 30
0.0
 10
34.66243146796467
 20
99.25881775509671
 30
0.0
 10
33.68938341293862
 20
97.06979334590733
 30
0.0
 10
33.25831075452265
 20
95.94979606953356
 30
0.0
 10
32.47563853715214
 20
93.69046972553093
 30
0.0
 10
32.12369823894603
 20
92.5491065298842
 30
0.0
 10
31.4778838142297
 20
90.24882340786363
 30
0.0
 10
31.18487271777837
 20
89.0921833377423
 30
0.0
 10
30.37662755666075
 20
85.60861086683009
 30
0.0
 10
29.93092048084253
 20
83.2671824673241
 30
0.0
 10
29.17084830433798
 20
78.55572791358827
 30
0.0
 10
28.85790337767796
 20
76.18911905207395
 30
0.0
 10
28.33789677813688
 20
71.44187976010274
 30
0.0
 10
28.13094582767122
 20
69.05930249043118
 30
0.0
 10
27.64534159310158
 20
61.89943217867577
 30
0.0
 10
27.49999999999999
 20
57.10945829844397
 30
0.0
 10
27.5
 20
52.30108128453357
 30
0.0
  0
SPLINE
  5
6A
330
1F
100
AcDbEntity
  8
0
  6
Continuous
 62
     7
370
    25
100
AcDbSpline
210
0.0
220
0.0
230
1.0
 70
     8
 71
     3
 72
    10
 73
     6
 74
     0
 42
0.00000001
 43
0.00000001
 40
0.0
 40
0.0
 40
0.0
 40
0.0
 40
0.5
 40
0.5
 40
1.0
 40
1.0
 40
1.0
 40
1.0
 10
27.5
 20
52.30108128453355
 30
0.0
 10
27.49999999999999
 20
49.16116259581548
 30
0.0
 10
27.62712142961199
 20
46.01697715659998
 30
0.0
 10
28.09604561804192
 20
39.71721594381216
 30
0.0
 10
28.43797787178578
 20
36.56164595369069
 30
0.0
 10
28.88374810586056
 20
33.4
 30
0.0
  0
SPLINE
  5
6D
330
1F
100
AcDbEntity
  8
0
  6
Continuous
 62
     7
370
    25
100
AcDbSpline
210
0.0
220
0.0
230
1.0
 70
     8
 71
     3
 72
    10
 73
     6
 74
     0
 42
0.00000001
 43
0.00000001
 40
0.0
 40
0.0
 40
0.0
 40
0.0
 40
0.5
 40
0.5
 40
1.0
 40
1.0
 40
1.0
 40
1.0
 10
54.11625189413943
 20
33.4
 30
0.0
 10
54.56202212821422
 20
36.56164595369069
 30
0.0
 10
54.90395438195807
 20
39.71721594381219
 30
0.0
 10
55.372878570388
 20
46.01697715660001
 30
0.0
 10
55.5
 20
49.1611625958155
 30
0.0
 10
55.49999999999999
 20
52.30108128453357
 30
0.0
  0
CIRCLE
  5
7D
330
1F
100
AcDbEntity
  8
0
  6
Continuous
 62
     7
370
    25
100
AcDbCircle
 10
41.5
 20
6.9
 30
0.0
 40
1.575000000000003
  0
SPLINE
  5
7E
330
1F
100
AcDbEntity
  8
0
  6
Continuous
 62
     7
370
    25
100
AcDbSpline
210
0.0
220
0.0
230
1.0
 70
     8
 71
     3
 72
    11
 73
     7
 74
     0
 42
0.00000001
 43
0.00000001
 40
0.0
 40
0.0
 40
0.0
 40
0.0
 40
0.1365456158321672
 40
0.4223579696020469
 40
0.7111840323350385
 40
1.0
 40
1.0
 40
1.0
 40
1.0
 10
55.40215349270736
 20
57.08705310546721
 30
0.0
 10
55.38041881330322
 20
56.01298000497838
 30
0.0
 10
55.31318988759124
 20
52.69069586453239
 30
0.0
 10
54.80822928360899
 20
47.06865933520021
 30
0.0
 10
53.97710770395578
 20
40.23835752697809
 30
0.0
 10
53.12458104608049
 20
35.67942595118124
 30
0.0
 10
52.69832516666533
 20
33.4
 30
0.0
  0
SPLINE
  5
7F
330
1F
100
AcDbEntity
  8
0
  6
Continuous
 62
     7
370
    25
100
AcDbSpline
210
0.0
220
0.0
230
1.0
 70
     8
 71
     3
 72
    11
 73
     7
 74
     0
 42
0.00000001
 43
0.00000001
 40
0.0
 40
0.0
 40
0.0
 40
0.0
 40
0.2831889311529783
 40
0.5663876490631632
 40
0.8525026876956188
 40
1.0
 40
1.0
 40
1.0
 40
1.0
 10
30.30167483333465
 20
33.4
 30
0.0
 10
29.87956000120503
 20
35.65588506502083
 30
0.0
 10
29.03531574903319
 20
40.16773315644088
 30
0.0
 10
28.20081877732021
 20
46.97446019561988
 30
0.0
 10
27.68516676899766
 20
52.69404689722288
 30
0.0
 10
27.61611174049289
 20
56.13674320910788
 30
0.0
 10
27.59262202419779
 20
57.30780868264927
 30
0.0
  0
LWPOLYLINE
  5
8C
330
1F
100
AcDbEntity
  8
0
  6
Continuous
 62
     7
370
    25
100
AcDbPolyline
 90
        3
 70
   128
 43
0.0
 10
107.0949429405
 20
133.4
 10
106.3482482062
 20
131.1062197905
 10
105.7928010568
 20
129.4
  0
SPLINE
  5
8D
330
1F
100
AcDbEntity
  8
0
  6
Continuous
 62
     7
370
    25
100
AcDbSpline
210
0.0
220
0.0
230
1.0
 70
    24
 71
     3
 72
    14
 73
    10
 74
     0
 42
0.00000001
 43
0.00000001
 40
0.0
 40
0.0
 40
0.0
 40
0.0
 40
0.25
 40
0.25
 40
0.5
 40
0.5
 40
0.75
 40
0.75
 40
1.0
 40
1.0
 40
1.0
 40
1.0
 10
105.7928010568466
 20
129.4
 30
0.0
 10
105.6622911552242
 20
129.4
 30
0.0
 10
105.5348656290046
 20
129.4
 30
0.0
 10
105.2906176793815
 20
129.4
 30
0.0
 10
105.1785386797874
 20
129.4
 30
0.0
 10
104.9830836774128
 20
129.4
 30
0.0
 10
104.9023756160537
 20
129.4
 30
0.0
 10
104.7860030132163
 20
129.4
 30
0.0
 10
104.751114607619
 20
129.4
 30
0.0
 10
104.7429854592652
 20
129.4
 30
0.0
  0
SPLINE
  5
8E
330
1F
100
AcDbEntity
  8
0
  6
Continuous
 62
     7
370
    25
100
AcDbSpline
210
0.0
220
0.0
230
1.0
 70
    24
 71
     3
 72
    12
 73
     8
 74
     0
 42
0.00000001
 43
0.00000001
 40
0.0
 40
0.0
 40
0.0
 40
0.0
 40
0.2499999999999949
 40
0.2499999999999949
 40
0.4999999999999899
 40
0.4999999999999899
 40
1.0
 40
1.0
 40
1.0
 40
1.0
 10
106.0450627069077
 20
133.4
 30
0.0
 10
106.0530261411213
 20
133.4
 30
0.0
 10
106.0876238534447
 20
133.4
 30
0.0
 10
106.2037079707865
 20
133.4
 30
0.0
 10
106.2850607773108
 20
133.4
 30
0.0
 10
106.5759396965645
 20
133.4
 30
0.0
 10
106.834024308618
 20
133.4
 30
0.0
 10
107.0949429404628
 20
133.4
 30
0.0
  0
LINE
  5
95
330
1F
100
AcDbEntity
  8
0
  6
Continuous
 62
     7
370
    25
100
AcDbLine
 10
-23.1653281673
 20
133.4
 30
0.0
 11
9.326641456
 21
33.4
 31
0.0
  0
LINE
  5
96
330
1F
100
AcDbEntity
  8
0
  6
Continuous
 62
     7
370
    25
100
AcDbLine
 10
73.673358544
 20
33.4
 30
0.0
 11
104.8656493823
 21
129.4
 31
0.0
  0
LINE
  5
97
330
1F
100
AcDbEntity
  8
0
  6
Continuous
 62
     7
370
    25
100
AcDbLine
 10
73.673358544
 20
2.4
 30
0.0
 11
73.673358544
 21
33.4
 31
0.0
  0
LINE
  5
98
330
1F
100
AcDbEntity
  8
0
  6
Continuous
 62
     7
370
    25
100
AcDbLine
 10
9.326641456
 20
33.4
 30
0.0
 11
9.326641456
 21
2.4
 31
0.0
  0
LINE
  5
99
330
1F
100
AcDbEntity
  8
0
  6
Continuous
 62
     7
370
    25
100
AcDbLine
 10
106.0450627069
 20
133.4
 30
0.0
 11
-23.1653281673
 21
133.4
 31
0.0
  0
LINE
  5
9A
330
1F
100
AcDbEntity
  8
0
  6
Continuous
 62
     7
370
    25
100
AcDbLine
 10
54.1162518941
 20
33.4
 30
0.0
 11
73.673358544
 21
33.4
 31
0.0
  0
LINE
  5
9B
330
1F
100
AcDbEntity
  8
0
  6
Continuous
 62
     7
370
    25
100
AcDbLine
 10
9.326641456
 20
33.4
 30
0.0
 11
28.8837481059
 21
33.4
 31
0.0
  0
LINE
  5
9C
330
1F
100
AcDbEntity
  8
0
  6
Continuous
 62
     7
370
    25
100
AcDbLine
 10
20.0
 20
2.4
 30
0.0
 11
20.0
 21
0.0
 31
0.0
  0
LINE
  5
9D
330
1F
100
AcDbEntity
  8
0
  6
Continuous
 62
     7
370
    25
100
AcDbLine
 10
0.0
 20
2.4
 30
0.0
 11
83.0
 21
2.4
 31
0.0
  0
LINE
  5
9E
330
1F
100
AcDbEntity
  8
0
  6
Continuous
 62
     7
370
    25
100
AcDbLine
 10
63.0
 20
0.0
 30
0.0
 11
63.0
 21
2.4
 31
0.0
  0
LINE
  5
9F
330
1F
100
AcDbEntity
  8
0
  6
Continuous
 62
     7
370
    25
100
AcDbLine
 10
0.0
 20
0.0
 30
0.0
 11
83.0
 21
0.0
 31
0.0
  0
LINE
  5
A0
330
1F
100
AcDbEntity
  8
0
  6
Continuous
 62
     7
370
    25
100
AcDbLine
 10
0.0
 20
0.0
 30
0.0
 11
0.0
 21
2.4
 31
0.0
  0
LINE
  5
A1
330
1F
100
AcDbEntity
  8
0
  6
Continuous
 62
     7
370
    25
100
AcDbLine
 10
83.0
 20
2.4
 30
0.0
 11
83.0
 21
0.0
 31
0.0
  0
LINE
  5
A2
330
1F
100
AcDbEntity
  8
0
  6
Continuous
 62
     7
370
    25
100
AcDbLine
 10
31.25
 20
11.4
 30
0.0
 11
51.75
 21
11.4
 31
0.0
  0
LINE
  5
A3
330
1F
100
AcDbEntity
  8
0
  6
Continuous
 62
     7
370
    25
100
AcDbLine
 10
26.25
 20
6.4
 30
0.0
 11
26.25
 21
2.4
 31
0.0
  0
LINE
  5
A4
330
1F
100
AcDbEntity
  8
0
  6
Continuous
 62
     7
370
    25
100
AcDbLine
 10
56.75
 20
6.4
 30
0.0
 11
56.75
 21
2.4
 31
0.0
  0
LINE
  5
A5
330
1F
100
AcDbEntity
  8
0
  6
Continuous
 62
     7
370
    25
100
AcDbLine
 10
52.6983251667
 20
33.4
 30
0.0
 11
30.3016748333
 21
33.4
 31
0.0
  0
LINE
  5
A6
330
1F
100
AcDbEntity
  8
0
  6
Continuous
 62
     7
370
    25
100
AcDbLine
 10
54.1162518941
 20
33.4
 30
0.0
 11
54.1162518941
 21
31.9
 31
0.0
  0
LINE
  5
A7
330
1F
100
AcDbEntity
  8
0
  6
Continuous
 62
     7
370
    25
100
AcDbLine
 10
57.75
 20
31.9
 30
0.0
 11
41.9741160838
 21
31.9
 31
0.0
  0
LINE
  5
A8
330
1F
100
AcDbEntity
  8
0
  6
Continuous
 62
     7
370
    25
100
AcDbLine
 10
41.9741160838
 20
31.9
 30
0.0
 11
41.9741160838
 21
23.4
 31
0.0
  0
LINE
  5
A9
330
1F
100
AcDbEntity
  8
0
  6
Continuous
 62
     7
370
    25
100
AcDbLine
 10
41.0258839162
 20
23.4
 30
0.0
 11
41.0258839162
 21
31.9
 31
0.0
  0
LINE
  5
AA
330
1F
100
AcDbEntity
  8
0
  6
Continuous
 62
     7
370
    25
100
AcDbLine
 10
41.0258839162
 20
31.9
 30
0.0
 11
25.25
 21
31.9
 31
0.0
  0
LINE
  5
AB
330
1F
100
AcDbEntity
  8
0
  6
Continuous
 62
     7
370
    25
100
AcDbLine
 10
28.8837481059
 20
31.9
 30
0.0
 11
28.8837481059
 21
33.4
 31
0.0
  0
LINE
  5
AC
330
1F
100
AcDbEntity
  8
0
  6
Continuous
 62
     7
370
    25
100
AcDbLine
 10
25.25
 20
2.4
 30
0.0
 11
25.25
 21
31.9
 31
0.0
  0
LINE
  5
AD
330
1F
100
AcDbEntity
  8
0
  6
Continuous
 62
     7
370
    25
100
AcDbLine
 10
57.75
 20
31.9
 30
0.0
 11
57.75
 21
2.4
 31
0.0
  0
LINE
  5
AE
330
1F
100
AcDbEntity
  8
0
  6
Continuous
 62
     7
370
    25
100
AcDbLine
 10
41.0258839162
 20
23.4
 30
0.0
 11
41.9741160838
 21
23.4
 31
0.0
  0
LINE
  5
AF
330
1F
100
AcDbEntity
  8
0
  6
Continuous
 62
     7
370
    25
100
AcDbLine
 10
111.1653281673
 20
129.4
 30
0.0
 11
111.1653281673
 21
133.4
 31
0.0
  0
LINE
  5
B0
330
1F
100
AcDbEntity
  8
0
  6
Continuous
 62
     7
370
    25
100
AcDbLine
 10
112.1653281673
 20
133.4
 30
0.0
 11
112.1653281673
 21
129.4
 31
0.0
  0
LINE
  5
B1
330
1F
100
AcDbEntity
  8
0
  6
Continuous
 62
     7
370
    25
100
AcDbLine
 10
105.7928010568
 20
129.4
 30
0.0
 11
112.1653281673
 21
129.4
 31
0.0
  0
LINE
  5
B2
330
1F
100
AcDbEntity
  8
0
  6
Continuous
 62
     7
370
    25
100
AcDbLine
 10
107.0949429405
 20
133.4
 30
0.0
 11
112.1653281673
 21
133.4
 31
0.0
  0
ARC
  5
B3
330
1F
100
AcDbEntity
  8
0
  6
Continuous
 62
     7
370
    25
100
AcDbCircle
 10
51.75
 20
6.4
 30
0.0
 40
5.000000000000002
100
AcDbArc
 50
0.0
 51
90.0
  0
ARC
  5
B4
330
1F
100
AcDbEntity
  8
0
  6
Continuous
 62
     7
370
    25
100
AcDbCircle
 10
31.25
 20
6.4
 30
0.0
 40
5.000000000000007
100
AcDbArc
 50
90.0
 51
180.0
  0
MTEXT
  5
4DC
330
1F
100
AcDbEntity
  8
0
  6
Continuous
 62
     7
100
AcDbMText
 10
-23.1653281673
 20
-1.0195663917
 30
0.0
 40
4.83362
 41
0.0
 71
     1
 72
     1
  1
SOLIDWORKS Educational Product.
  7
SLDTEXTSTYLE0
 73
     1
 44
1.0
  0
MTEXT
  5
4DD
330
1F
100
AcDbEntity
  8
0
  6
Continuous
 62
     7
100
AcDbMText
 10
-23.1653281673
 20
-8.2699963917
 30
0.0
 40
4.83362
 41
0.0
 71
     1
 72
     1
  1
For Instructional Use Only.
  7
SLDTEXTSTYLE0
 73
     1
 44
1.0
  0
SPLINE
  5
B5
330
1B
100
AcDbEntity
 67
     1
  8
0
  6
Continuous
 62
     7
370
    25
100
AcDbSpline
210
0.0
220
0.0
230
1.0
 70
     8
 71
     3
 72
    14
 73
    10
 74
     0
 42
0.00000001
 43
0.00000001
 40
0.0
 40
0.0
 40
0.0
 40
0.0
 40
0.25
 40
0.25
 40
0.5
 40
0.5
 40
0.75
 40
0.75
 40
1.0
 40
1.0
 40
1.0
 40
1.0
 10
-1.594942940462765
 20
38.49999999999976
 30
0.0
 10
-1.464335545361711
 20
38.49999999999976
 30
0.0
 10
-1.336807741008805
 20
38.47738620180593
 30
0.0
 10
-1.092412401315641
 20
38.38723871434938
 30
0.0
 10
-0.9802604666602349
 20
38.32117727103954
 30
0.0
 10
-0.7847729555398377
 20
38.14998392781565
 30
0.0
 10
-0.7040648160074464
 20
38.04665140424655
 30
0.0
 10
-0.5878244533808613
 20
37.81518665360218
 30
0.0
 10
-0.5530367907687905
 20
37.68854113103811
 30
0.0
 10
-0.5450627069076286
 20
37.55797677033731
 30
0.0
  0
SPLINE
  5
BB
330
1B
100
AcDbEntity
 67
     1
  8
0
  6
Continuous
 62
     7
370
    25
100
AcDbSpline
210
0.0
220
0.0
230
1.0
 70
     8
 71
     3
 72
    12
 73
     8
 74
     0
 42
0.00000001
 43
0.00000001
 40
0.0
 40
0.0
 40
0.0
 40
0.0
 40
0.25
 40
0.25
 40
0.5
 40
0.5
 40
1.0
 40
1.0
 40
1.0
 40
1.0
 10
-0.5450627069076632
 20
45.4420232296622
 30
0.0
 10
-0.5530261411212517
 20
45.31163324189879
 30
0.0
 10
-0.5876238534447131
 20
45.18539639052135
 30
0.0
 10
-0.7037079707865532
 20
44.95387644868695
 30
0.0
 10
-0.7850607773107685
 20
44.84987371576732
 30
0.0
 10
-1.075939696564519
 20
44.59481546162831
 30
0.0
 10
-1.334024308617988
 20
44.49999999999976
 30
0.0
 10
-1.594942940462793
 20
44.49999999999976
 30
0.0
  0
SPLINE
  5
BC
330
1B
100
AcDbEntity
 67
     1
  8
0
  6
Continuous
 62
     7
370
    25
100
AcDbSpline
210
0.0
220
0.0
230
1.0
 70
     8
 71
     3
 72
    14
 73
    10
 74
     0
 42
0.00000001
 43
0.00000001
 40
0.0
 40
0.0
 40
0.0
 40
0.0
 40
0.25
 40
0.25
 40
0.5
 40
0.5
 40
0.75
 40
0.75
 40
1.0
 40
1.0
 40
1.0
 40
1.0
 10
61.0
 20
107.0949429404628
 30
0.0
 10
60.99999999999999
 20
106.9643355453617
 30
0.0
 10
60.97738620180616
 20
106.8368077410089
 30
0.0
 10
60.8872387143496
 20
106.5924124013157
 30
0.0
 10
60.82117727103977
 20
106.4802604666603
 30
0.0
 10
60.64998392781589
 20
106.2847729555399
 30
0.0
 10
60.5466514042468
 20
106.2040648160075
 30
0.0
 10
60.31518665360241
 20
106.0878244533809
 30
0.0
 10
60.18854113103834
 20
106.0530367907688
 30
0.0
 10
60.05797677033755
 20
106.0450627069077
 30
0.0
  0
CIRCLE
  5
BD
330
1B
100
AcDbEntity
 67
     1
  8
0
  6
Continuous
 62
     7
370
    25
100
AcDbCircle
 10
-3.6305148905
 20
41.5
 30
0.0
 40
1.574999999999974
  0
CIRCLE
  5
BE
330
1B
100
AcDbEntity
 67
     1
  8
0
  6
Continuous
 62
     7
370
    25
100
AcDbCircle
 10
64.0
 20
109.1305148905
 30
0.0
 40
1.574999999999974
  0
CIRCLE
  5
BF
330
1B
100
AcDbEntity
 67
     1
  8
0
  6
Continuous
 62
     7
370
    25
100
AcDbCircle
 10
64.0
 20
41.5
 30
0.0
 40
62.69187069528395
  0
SPLINE
  5
C7
330
1B
100
AcDbEntity
 67
     1
  8
0
  6
Continuous
 62
     7
370
    25
100
AcDbSpline
210
0.0
220
0.0
230
1.0
 70
     8
 71
     3
 72
    12
 73
     8
 74
     0
 42
0.00000001
 43
0.00000001
 40
0.0
 40
0.0
 40
0.0
 40
0.0
 40
0.2499999999999949
 40
0.2499999999999949
 40
0.4999999999999899
 40
0.4999999999999899
 40
1.0
 40
1.0
 40
1.0
 40
1.0
 10
67.94202322966244
 20
106.0450627069077
 30
0.0
 10
67.81163324189906
 20
106.0530261411213
 30
0.0
 10
67.68539639052159
 20
106.0876238534447
 30
0.0
 10
67.4538764486872
 20
106.2037079707865
 30
0.0
 10
67.34987371576756
 20
106.2850607773108
 30
0.0
 10
67.09481546162856
 20
106.5759396965645
 30
0.0
 10
67.0
 20
106.834024308618
 30
0.0
 10
67.0
 20
107.0949429404628
 30
0.0
  0
CIRCLE
  5
C8
330
1B
100
AcDbEntity
 67
     1
  8
0
  6
Continuous
 62
     7
370
    25
100
AcDbCircle
 10
64.0
 20
41.5
 30
0.0
 40
61.74081417898861
  0
SPLINE
  5
C9
330
1B
100
AcDbEntity
 67
     1
  8
0
  6
Continuous
 62
     7
370
    25
100
AcDbSpline
210
0.0
220
0.0
230
1.0
 70
     8
 71
     3
 72
    62
 73
    58
 74
     0
 42
0.00000001
 43
0.00000001
 40
0.0
 40
0.0
 40
0.0
 40
0.0
 40
0.1249999999999983
 40
0.1249999999999983
 40
0.1874999999999975
 40
0.1874999999999975
 40
0.2499999999999967
 40
0.2499999999999967
 40
0.3124999999999958
 40
0.3124999999999958
 40
0.3437499999999954
 40
0.3437499999999954
 40
0.3749999999999949
 40
0.3749999999999949
 40
0.4062499999999944
 40
0.4062499999999944
 40
0.4374999999999939
 40
0.4374999999999939
 40
0.4531249999999937
 40
0.4531249999999937
 40
0.4687499999999935
 40
0.4687499999999935
 40
0.4765624999999936
 40
0.4765624999999936
 40
0.4843749999999936
 40
0.4843749999999936
 40
0.4921874999999937
 40
0.4921874999999937
 40
0.4999999999999937
 40
0.4999999999999937
 40
0.5078124999999937
 40
0.5078124999999937
 40
0.5156249999999937
 40
0.5156249999999937
 40
0.5234374999999937
 40
0.5234374999999937
 40
0.5312499999999937
 40
0.5312499999999937
 40
0.5468749999999939
 40
0.5468749999999939
 40
0.5624999999999941
 40
0.5624999999999941
 40
0.5937499999999946
 40
0.5937499999999946
 40
0.624999999999995
 40
0.624999999999995
 40
0.6562499999999956
 40
0.6562499999999956
 40
0.687499999999996
 40
0.687499999999996
 40
0.7499999999999968
 40
0.7499999999999968
 40
0.8124999999999976
 40
0.8124999999999976
 40
0.8749999999999983
 40
0.8749999999999983
 40
1.0
 40
1.0
 40
1.0
 40
1.0
 10
99.66532816727863
 20
27.5
 30
0.0
 10
101.3438636804845
 20
27.5
 30
0.0
 10
103.0597722919814
 20
27.64556320668347
 30
0.0
 10
105.6722793556556
 20
28.13149470628068
 30
0.0
 10
106.5498780831205
 20
28.33852964528296
 30
0.0
 10
108.3138271342137
 20
28.85885513302732
 30
0.0
 10
109.2006935699047
 20
29.1720003949556
 30
0.0
 10
110.9790732072376
 20
29.93230645881158
 30
0.0
 10
111.8698755831013
 20
30.37825837679539
 30
0.0
 10
113.2046654875819
 20
31.18757603874565
 30
0.0
 10
113.6492607138164
 20
31.48099599705141
 30
0.0
 10
114.5344954692268
 20
32.12636807393369
 30
0.0
 10
114.9754091801716
 20
32.47824147820594
 30
0.0
 10
115.8514941902391
 20
33.26159203645326
 30
0.0
 10
116.2860040814516
 20
33.69202859851372
 30
0.0
 10
117.1383532079391
 20
34.66442053261657
 30
0.0
 10
117.5574672995137
 20
35.20510351857249
 30
0.0
 10
118.1626299162911
 20
36.16440210613721
 30
0.0
 10
118.3589076267077
 20
36.50711581100416
 30
0.0
 10
118.7349592787845
 20
37.2608440886785
 30
0.0
 10
118.9152302370911
 20
37.67300334982075
 30
0.0
 10
119.157144275981
 20
38.35535668597065
 30
0.0
 10
119.2332514231693
 20
38.59412166701488
 30
0.0
 10
119.3732374017472
 20
39.10206826165621
 30
0.0
 10
119.437685628837
 20
39.37427482567825
 30
0.0
 10
119.5454936016061
 20
39.94307127859456
 30
0.0
 10
119.5890946685547
 20
40.23943603594293
 30
0.0
 10
119.6496113028615
 20
40.86311532201572
 30
0.0
 10
119.6652854271972
 20
41.18044586488857
 30
0.0
 10
119.6653707313268
 20
41.81692725400807
 30
0.0
 10
119.6492521509839
 20
42.14102132661245
 30
0.0
 10
119.5891949610122
 20
42.75909321715515
 30
0.0
 10
119.5450691059014
 20
43.05968092626152
 30
0.0
 10
119.4368679789103
 20
43.62952062469827
 30
0.0
 10
119.3735069848769
 20
43.89690686009021
 30
0.0
 10
119.233240040149
 20
44.40596623251748
 30
0.0
 10
119.1558831301428
 20
44.6486602930942
 30
0.0
 10
118.9108941312499
 20
45.3382881902776
 30
0.0
 10
118.7324449983934
 20
45.74449949248076
 30
0.0
 10
118.3580751403503
 20
46.49424587091972
 30
0.0
 10
118.1613343815975
 20
46.83776384129425
 30
0.0
 10
117.556900151183
 20
47.7955700837722
 30
0.0
 10
117.138259618813
 20
48.33574050267441
 30
0.0
 10
116.285057163946
 20
49.30899734906521
 30
0.0
 10
115.8496615870286
 20
49.74015486051825
 30
0.0
 10
114.9739247561848
 20
50.52297713052681
 30
0.0
 10
114.5327882856603
 20
50.87498042326234
 30
0.0
 10
113.6465047814169
 20
51.52090877395672
 30
0.0
 10
113.2022305944844
 20
51.81397384733234
 30
0.0
 10
111.868605930774
 20
52.62236384243364
 30
0.0
 10
110.9781144218053
 20
53.06815245899385
 30
0.0
 10
109.1996935308025
 20
53.82837808443163
 30
0.0
 10
108.3130489454196
 20
54.1413960736201
 30
0.0
 10
106.5495575065283
 20
54.66154324576632
 30
0.0
 10
105.6720901823041
 20
54.86854739661895
 30
0.0
 10
103.0595360416764
 20
55.35446690133984
 30
0.0
 10
101.3437651519018
 20
55.5
 30
0.0
 10
99.66532816727867
 20
55.49999999999999
 30
0.0
  0
SPLINE
  5
CA
330
1B
100
AcDbEntity
 67
     1
  8
0
  6
Continuous
 62
     7
370
    25
100
AcDbSpline
210
0.0
220
0.0
230
1.0
 70
     8
 71
     3
 72
    14
 73
    10
 74
     0
 42
0.00000001
 43
0.00000001
 40
0.0
 40
0.0
 40
0.0
 40
0.0
 40
0.25
 40
0.25
 40
0.5
 40
0.5
 40
0.75
 40
0.75
 40
1.0
 40
1.0
 40
1.0
 40
1.0
 10
99.66532816727864
 20
55.49999999999999
 30
0.0
 10
98.87513047972588
 20
55.49999999999999
 30
0.0
 10
98.10762441428041
 20
55.43356032773224
 30
0.0
 10
96.61751229091209
 20
55.18507810618654
 30
0.0
 10
95.89491109945934
 20
55.00295934443822
 30
0.0
 10
94.49450558457946
 20
54.53106095991816
 30
0.0
 10
93.81670260928826
 20
54.24131922272016
 30
0.0
 10
92.50606319017822
 20
53.55373640994772
 30
0.0
 10
91.87322441945314
 20
53.15611192344807
 30
0.0
 10
91.26309551984322
 20
52.69832516666534
 30
0.0
  0
SPLINE
  5
CC
330
1B
100
AcDbEntity
 67
     1
  8
0
  6
Continuous
 62
     7
370
    25
100
AcDbSpline
210
0.0
220
0.0
230
1.0
 70
     8
 71
     3
 72
    14
 73
    10
 74
     0
 42
0.00000001
 43
0.00000001
 40
0.0
 40
0.0
 40
0.0
 40
0.0
 40
0.25
 40
0.25
 40
0.5
 40
0.5
 40
0.75
 40
0.75
 40
1.0
 40
1.0
 40
1.0
 40
1.0
 10
91.26309551984322
 20
30.30167483333466
 30
0.0
 10
91.87322441945312
 20
29.84388807655192
 30
0.0
 10
92.5060631901782
 20
29.44626359005229
 30
0.0
 10
93.81670260928824
 20
28.75868077727984
 30
0.0
 10
94.49450558457949
 20
28.46893904008184
 30
0.0
 10
95.89491109945932
 20
27.99704065556177
 30
0.0
 10
96.61751229091207
 20
27.81492189381344
 30
0.0
 10
98.10762441428041
 20
27.56643967226777
 30
0.0
 10
98.87513047972591
 20
27.5
 30
0.0
 10
99.66532816727864
 20
27.5
 30
0.0
  0
CIRCLE
  5
D3
330
1B
100
AcDbEntity
 67
     1
  8
0
  6
Continuous
 62
     7
370
    25
100
AcDbCircle
 10
80.5
 20
25.0
 30
0.0
 40
1.574999999999989
  0
CIRCLE
  5
D4
330
1B
100
AcDbEntity
 67
     1
  8
0
  6
Continuous
 62
     7
370
    25
100
AcDbCircle
 10
47.5
 20
58.0
 30
0.0
 40
1.575000000000003
  0
CIRCLE
  5
D9
330
1B
100
AcDbEntity
 67
     1
  8
0
  6
Continuous
 62
     7
370
    25
100
AcDbCircle
 10
80.5
 20
58.0
 30
0.0
 40
1.574999999999989
  0
CIRCLE
  5
DA
330
1B
100
AcDbEntity
 67
     1
  8
0
  6
Continuous
 62
     7
370
    25
100
AcDbCircle
 10
47.5
 20
25.0
 30
0.0
 40
1.575000000000003
  0
LINE
  5
E6
330
1B
100
AcDbEntity
 67
     1
  8
0
  6
Continuous
 62
     7
370
    25
100
AcDbLine
 10
-1.5949429405
 20
38.5
 30
0.0
 11
-5.6653281673
 21
38.5
 31
0.0
  0
LINE
  5
E7
330
1B
100
AcDbEntity
 67
     1
  8
0
  6
Continuous
 62
     7
370
    25
100
AcDbLine
 10
-6.6653281673
 20
43.5
 30
0.0
 11
-6.6653281673
 21
39.5
 31
0.0
  0
LINE
  5
E8
330
1B
100
AcDbEntity
 67
     1
  8
0
  6
Continuous
 62
     7
370
    25
100
AcDbLine
 10
-1.5949429405
 20
44.5
 30
0.0
 11
-5.6653281673
 21
44.5
 31
0.0
  0
LINE
  5
E9
330
1B
100
AcDbEntity
 67
     1
  8
0
  6
Continuous
 62
     7
370
    25
100
AcDbLine
 10
61.0
 20
111.1653281673
 30
0.0
 11
61.0
 21
107.0949429405
 31
0.0
  0
LINE
  5
EA
330
1B
100
AcDbEntity
 67
     1
  8
0
  6
Continuous
 62
     7
370
    25
100
AcDbLine
 10
67.0
 20
107.0949429405
 30
0.0
 11
67.0
 21
111.1653281673
 31
0.0
  0
LINE
  5
EB
330
1B
100
AcDbEntity
 67
     1
  8
0
  6
Continuous
 62
     7
370
    25
100
AcDbLine
 10
66.0
 20
112.1653281673
 30
0.0
 11
62.0
 21
112.1653281673
 31
0.0
  0
LINE
  5
EC
330
1B
100
AcDbEntity
 67
     1
  8
0
  6
Continuous
 62
     7
370
    25
100
AcDbLine
 10
43.25
 20
62.25
 30
0.0
 11
43.25
 21
20.75
 31
0.0
  0
LINE
  5
ED
330
1B
100
AcDbEntity
 67
     1
  8
0
  6
Continuous
 62
     7
370
    25
100
AcDbLine
 10
43.25
 20
20.75
 30
0.0
 11
84.75
 21
20.75
 31
0.0
  0
LINE
  5
EE
330
1B
100
AcDbEntity
 67
     1
  8
0
  6
Continuous
 62
     7
370
    25
100
AcDbLine
 10
84.75
 20
20.75
 30
0.0
 11
84.75
 21
62.25
 31
0.0
  0
LINE
  5
EF
330
1B
100
AcDbEntity
 67
     1
  8
0
  6
Continuous
 62
     7
370
    25
100
AcDbLine
 10
84.75
 20
62.25
 30
0.0
 11
43.25
 21
62.25
 31
0.0
  0
LINE
  5
F0
330
1B
100
AcDbEntity
 67
     1
  8
0
  6
Continuous
 62
     7
370
    25
100
AcDbLine
 10
85.673358544
 20
41.0258839162
 30
0.0
 11
85.673358544
 21
41.9741160838
 31
0.0
  0
LINE
  5
F1
330
1B
100
AcDbEntity
 67
     1
  8
0
  6
Continuous
 62
     7
370
    25
100
AcDbLine
 10
83.5
 20
27.85
 30
0.0
 11
83.5
 21
37.85
 31
0.0
  0
LINE
  5
F2
330
1B
100
AcDbEntity
 67
     1
  8
0
  6
Continuous
 62
     7
370
    25
100
AcDbLine
 10
83.5
 20
37.85
 30
0.0
 11
77.5
 21
37.85
 31
0.0
  0
LINE
  5
F3
330
1B
100
AcDbEntity
 67
     1
  8
0
  6
Continuous
 62
     7
370
    25
100
AcDbLine
 10
77.5
 20
37.85
 30
0.0
 11
77.5
 21
27.85
 31
0.0
  0
LINE
  5
F4
330
1B
100
AcDbEntity
 67
     1
  8
0
  6
Continuous
 62
     7
370
    25
100
AcDbLine
 10
77.5
 20
27.85
 30
0.0
 11
83.5
 21
27.85
 31
0.0
  0
LINE
  5
F5
330
1B
100
AcDbEntity
 67
     1
  8
0
  6
Continuous
 62
     7
370
    25
100
AcDbLine
 10
105.33
 20
28.1178864047
 30
0.0
 11
105.33
 21
36.0
 31
0.0
  0
LINE
  5
F6
330
1B
100
AcDbEntity
 67
     1
  8
0
  6
Continuous
 62
     7
370
    25
100
AcDbLine
 10
113.33
 20
36.0
 30
0.0
 11
113.33
 21
31.2876343991
 31
0.0
  0
LINE
  5
F7
330
1B
100
AcDbEntity
 67
     1
  8
0
  6
Continuous
 62
     7
370
    25
100
AcDbLine
 10
105.33
 20
36.0
 30
0.0
 11
113.33
 21
36.0
 31
0.0
  0
LINE
  5
F8
330
1B
100
AcDbEntity
 67
     1
  8
0
  6
Continuous
 62
     7
370
    25
100
AcDbLine
 10
128.0
 20
20.0
 30
0.0
 11
128.0
 21
32.2477209844
 31
0.0
  0
LINE
  5
F9
330
1B
100
AcDbEntity
 67
     1
  8
0
  6
Continuous
 62
     7
370
    25
100
AcDbLine
 10
128.0
 20
50.7522790156
 30
0.0
 11
128.0
 21
63.0
 31
0.0
  0
LINE
  5
FA
330
1B
100
AcDbEntity
 67
     1
  8
0
  6
Continuous
 62
     7
370
    25
100
AcDbLine
 10
0.0
 20
63.0
 30
0.0
 11
0.0
 21
50.7522790156
 31
0.0
  0
LINE
  5
FB
330
1B
100
AcDbEntity
 67
     1
  8
0
  6
Continuous
 62
     7
370
    25
100
AcDbLine
 10
0.0
 20
32.2477209844
 30
0.0
 11
0.0
 21
20.0
 31
0.0
  0
ARC
  5
FC
330
1B
100
AcDbEntity
 67
     1
  8
0
  6
Continuous
 62
     7
370
    25
100
AcDbCircle
 10
-5.6653281673
 20
39.5
 30
0.0
 40
1.0
100
AcDbArc
 50
180.0
 51
270.0
  0
ARC
  5
FD
330
1B
100
AcDbEntity
 67
     1
  8
0
  6
Continuous
 62
     7
370
    25
100
AcDbCircle
 10
-5.6653281673
 20
43.5
 30
0.0
 40
0.9999999999999929
100
AcDbArc
 50
90.0
 51
180.0
  0
ARC
  5
FE
330
1B
100
AcDbEntity
 67
     1
  8
0
  6
Continuous
 62
     7
370
    25
100
AcDbCircle
 10
64.0
 20
41.5
 30
0.0
 40
64.66532816727882
100
AcDbArc
 50
93.4949396288
 51
176.5050603712
  0
ARC
  5
FF
330
1B
100
AcDbEntity
 67
     1
  8
0
  6
Continuous
 62
     7
370
    25
100
AcDbCircle
 10
64.0
 20
41.5
 30
0.0
 40
64.66532816727872
100
AcDbArc
 50
183.4949396288
 51
86.5050603712
  0
ARC
  5
100
330
1B
100
AcDbEntity
 67
     1
  8
0
  6
Continuous
 62
     7
370
    25
100
AcDbCircle
 10
62.0
 20
111.1653281673
 30
0.0
 40
1.000000000000043
100
AcDbArc
 50
90.0
 51
180.0
  0
ARC
  5
101
330
1B
100
AcDbEntity
 67
     1
  8
0
  6
Continuous
 62
     7
370
    25
100
AcDbCircle
 10
66.0
 20
111.1653281673
 30
0.0
 40
1.000000000000014
100
AcDbArc
 50
0.0
 51
90.0
  0
ARC
  5
102
330
1B
100
AcDbEntity
 67
     1
  8
0
  6
Continuous
 62
     7
370
    25
100
AcDbCircle
 10
64.0
 20
41.5
 30
0.0
 40
29.47335854398797
100
AcDbArc
 50
22.3304228893
 51
337.6695771107
  0
ARC
  5
103
330
1B
100
AcDbEntity
 67
     1
  8
0
  6
Continuous
 62
     7
370
    25
100
AcDbCircle
 10
99.6653281673
 20
41.5
 30
0.0
 40
14.00000000000001
100
AcDbArc
 50
126.8813200423
 51
233.1186799577
  0
ARC
  5
104
330
1B
100
AcDbEntity
 67
     1
  8
0
  6
Continuous
 62
     7
370
    25
100
AcDbCircle
 10
108.0
 20
20.0
 30
0.0
 40
20.0000000000001
100
AcDbArc
 50
288.8845722333
 51
0.0
  0
ARC
  5
105
330
1B
100
AcDbEntity
 67
     1
  8
0
  6
Continuous
 62
     7
370
    25
100
AcDbCircle
 10
20.0
 20
20.0
 30
0.0
 40
20.00000000000007
100
AcDbArc
 50
180.0
 51
251.1154277667
  0
ARC
  5
106
330
1B
100
AcDbEntity
 67
     1
  8
0
  6
Continuous
 62
     7
370
    25
100
AcDbCircle
 10
20.0
 20
63.0
 30
0.0
 40
20.00000000000003
100
AcDbArc
 50
108.8845722333
 51
180.0
  0
ARC
  5
107
330
1B
100
AcDbEntity
 67
     1
  8
0
  6
Continuous
 62
     7
370
    25
100
AcDbCircle
 10
108.0
 20
63.0
 30
0.0
 40
20.00000000000007
100
AcDbArc
 50
0.0
 51
71.1154277667
  0
VIEWPORT
  5
4C7
330
1B
100
AcDbEntity
 67
     1
  8
0
100
AcDbViewport
 10
0.0
 20
0.0
 30
0.0
 40
205.6
 41
156.0
 68
     1
 69
     1
 12
44.5
 22
66.7
 13
0.0
 23
0.0
 14
10.0
 24
10.0
 15
10.0
 25
10.0
 16
0.0
 26
0.0
 36
1.0
 17
0.0
 27
0.0
 37
0.0
 42
50.0
 43
0.0
 44
0.0
 45
136.068
 50
0.0
 51
0.0
 72
   100
 90
   557152
  1

281
     0
 71
     1
 74
     0
110
0.0
120
0.0
130
0.0
111
1.0
121
0.0
131
0.0
112
0.0
122
1.0
132
0.0
 79
     0
146
0.0
  0
MTEXT
  5
4DA
330
1B
100
AcDbEntity
 67
     1
  8
0
  6
Continuous
 62
     7
100
AcDbMText
 10
-6.6653281673
 20
-24.184894559
 30
0.0
 40
4.83362
 41
0.0
 71
     1
 72
     1
  1
SOLIDWORKS Educational Product.
  7
SLDTEXTSTYLE0
 73
     1
 44
1.0
  0
MTEXT
  5
4DB
330
1B
100
AcDbEntity
 67
     1
  8
0
  6
Continuous
 62
     7
100
AcDbMText
 10
-6.6653281673
 20
-31.435324559
 30
0.0
 40
4.83362
 41
0.0
 71
     1
 72
     1
  1
For Instructional Use Only.
  7
SLDTEXTSTYLE0
 73
     1
 44
1.0
  0
ENDSEC
  0
SECTION
  2
OBJECTS
  0
DICTIONARY
  5
C
330
0
100
AcDbDictionary
281
     1
  3
ACAD_GROUP
350
D
  3
ACAD_LAYOUT
350
1A
  3
ACAD_MLINESTYLE
350
17
  3
ACAD_PLOTSETTINGS
350
19
  3
ACAD_PLOTSTYLENAME
350
E
  3
ACAD_SCALELIST
350
47
  3
DWGPROPS
350
4EE
  0
DICTIONARY
  5
D
102
{ACAD_REACTORS
330
C
102
}
330
C
100
AcDbDictionary
281
     1
  0
DICTIONARY
  5
1A
102
{ACAD_REACTORS
330
C
102
}
330
C
100
AcDbDictionary
281
     1
  3
_Back
350
199
  3
_Bottom
350
235
  3
_Dimetric
350
415
  3
_Front
350
26
  3
_Isometric
350
29B
  3
_Left
350
1EF
  3
_Right
350
143
  3
_Top
350
1E
  3
_Trimetric
350
362
  3
Model
350
22
  0
DICTIONARY
  5
17
102
{ACAD_REACTORS
330
C
102
}
330
C
100
AcDbDictionary
281
     1
  3
Standard
350
18
  0
DICTIONARY
  5
19
102
{ACAD_REACTORS
330
C
102
}
330
C
100
AcDbDictionary
281
     1
  0
ACDBDICTIONARYWDFLT
  5
E
102
{ACAD_REACTORS
330
C
102
}
330
C
100
AcDbDictionary
281
     1
  3
Normal
350
F
100
AcDbDictionaryWithDefault
340
F
  0
DICTIONARY
  5
47
102
{ACAD_REACTORS
330
C
102
}
330
C
100
AcDbDictionary
281
     1
  3
A0
350
48
  3
A1
350
49
  3
A2
350
4A
  3
A3
350
4B
  3
A4
350
4C
  3
A5
350
4D
  3
A6
350
4E
  3
A7
350
4F
  3
A8
350
50
  3
A9
350
51
  3
B0
350
52
  3
B1
350
53
  3
B2
350
54
  3
B3
350
55
  3
B4
350
56
  3
B5
350
57
  3
B6
350
58
  0
XRECORD
  5
4EE
102
{ACAD_REACTORS
330
C
102
}
330
C
100
AcDbXrecord
280
     1
  1
DWGPROPS COOKIE
  2

  3

  4

  6

  7

  8
tinfoilflippin
  9

300
=
301
=
302
=
303
=
304
=
305
=
306
=
307
=
308
=
309
=
 40
0.0
 41
2460994.848065105
 42
2460994.84817434
  1

 90
        0
  0
LAYOUT
  5
199
102
{ACAD_REACTORS
330
1A
102
}
330
1A
100
AcDbPlotSettings
  1

  2
none_device
  4
ISO_A4_(210.00_x_297.00_MM)
  6

 40
7.5
 41
20.0
 42
7.5
 43
20.0
 44
210.0
 45
297.0
 46
0.0
 47
0.0
 48
0.0
 49
0.0
140
0.0
141
0.0
142
1.0
143
0.6940033658
 70
   688
 72
     1
 73
     1
 74
     1
  7

 75
     0
147
1.4409152019
148
6.6653281673
149
23.1653281673
100
AcDbLayout
  1
_Back
 70
     1
 71
     4
 10
0.0
 20
0.0
 11
0.0
 21
0.0
 12
0.0
 22
0.0
 32
0.0
 14
0.0
 24
0.0
 34
0.0
 15
0.0
 25
0.0
 35
0.0
146
0.0
 13
0.0
 23
0.0
 33
0.0
 16
1.0
 26
0.0
 36
0.0
 17
0.0
 27
1.0
 37
0.0
 76
     0
330
198
331
4CD
  0
LAYOUT
  5
235
102
{ACAD_REACTORS
330
1A
102
}
330
1A
100
AcDbPlotSettings
  1

  2
none_device
  4
ISO_A4_(210.00_x_297.00_MM)
  6

 40
7.5
 41
20.0
 42
7.5
 43
20.0
 44
210.0
 45
297.0
 46
0.0
 47
0.0
 48
0.0
 49
0.0
140
0.0
141
0.0
142
1.0
143
0.6940033658
 70
   688
 72
     1
 73
     1
 74
     1
  7

 75
     0
147
1.4409152019
148
6.6653281673
149
23.1653281673
100
AcDbLayout
  1
_Bottom
 70
     1
 71
     6
 10
0.0
 20
0.0
 11
0.0
 21
0.0
 12
0.0
 22
0.0
 32
0.0
 14
0.0
 24
0.0
 34
0.0
 15
0.0
 25
0.0
 35
0.0
146
0.0
 13
0.0
 23
0.0
 33
0.0
 16
1.0
 26
0.0
 36
0.0
 17
0.0
 27
1.0
 37
0.0
 76
     0
330
234
331
4D1
  0
LAYOUT
  5
415
102
{ACAD_REACTORS
330
1A
102
}
330
1A
100
AcDbPlotSettings
  1

  2
none_device
  4
ISO_A4_(210.00_x_297.00_MM)
  6

 40
7.5
 41
20.0
 42
7.5
 43
20.0
 44
210.0
 45
297.0
 46
0.0
 47
0.0
 48
0.0
 49
0.0
140
0.0
141
0.0
142
1.0
143
0.6940033658
 70
   688
 72
     1
 73
     1
 74
     1
  7

 75
     0
147
1.4409152019
148
6.6653281673
149
23.1653281673
100
AcDbLayout
  1
_Dimetric
 70
     1
 71
     9
 10
0.0
 20
0.0
 11
0.0
 21
0.0
 12
0.0
 22
0.0
 32
0.0
 14
0.0
 24
0.0
 34
0.0
 15
0.0
 25
0.0
 35
0.0
146
0.0
 13
0.0
 23
0.0
 33
0.0
 16
1.0
 26
0.0
 36
0.0
 17
0.0
 27
1.0
 37
0.0
 76
     0
330
414
331
4D7
  0
LAYOUT
  5
26
102
{ACAD_REACTORS
330
1A
102
}
330
1A
100
AcDbPlotSettings
  1

  2
none_device
  4
ISO_A4_(210.00_x_297.00_MM)
  6

 40
7.5
 41
20.0
 42
7.5
 43
20.0
 44
210.0
 45
297.0
 46
0.0
 47
0.0
 48
0.0
 49
0.0
140
0.0
141
0.0
142
1.0
143
0.6940033658
 70
   688
 72
     1
 73
     1
 74
     1
  7

 75
     0
147
1.4409152019
148
6.6653281673
149
23.1653281673
100
AcDbLayout
  1
_Front
 70
     1
 71
     2
 10
0.0
 20
0.0
 11
0.0
 21
0.0
 12
0.0
 22
0.0
 32
0.0
 14
0.0
 24
0.0
 34
0.0
 15
0.0
 25
0.0
 35
0.0
146
0.0
 13
0.0
 23
0.0
 33
0.0
 16
1.0
 26
0.0
 36
0.0
 17
0.0
 27
1.0
 37
0.0
 76
     0
330
23
331
4C9
  0
LAYOUT
  5
29B
102
{ACAD_REACTORS
330
1A
102
}
330
1A
100
AcDbPlotSettings
  1

  2
none_device
  4
ISO_A4_(210.00_x_297.00_MM)
  6

 40
7.5
 41
20.0
 42
7.5
 43
20.0
 44
210.0
 45
297.0
 46
0.0
 47
0.0
 48
0.0
 49
0.0
140
0.0
141
0.0
142
1.0
143
0.6940033658
 70
   688
 72
     1
 73
     1
 74
     1
  7

 75
     0
147
1.4409152019
148
6.6653281673
149
23.1653281673
100
AcDbLayout
  1
_Isometric
 70
     1
 71
     7
 10
0.0
 20
0.0
 11
0.0
 21
0.0
 12
0.0
 22
0.0
 32
0.0
 14
0.0
 24
0.0
 34
0.0
 15
0.0
 25
0.0
 35
0.0
146
0.0
 13
0.0
 23
0.0
 33
0.0
 16
1.0
 26
0.0
 36
0.0
 17
0.0
 27
1.0
 37
0.0
 76
     0
330
29A
331
4D3
  0
LAYOUT
  5
1EF
102
{ACAD_REACTORS
330
1A
102
}
330
1A
100
AcDbPlotSettings
  1

  2
none_device
  4
ISO_A4_(210.00_x_297.00_MM)
  6

 40
7.5
 41
20.0
 42
7.5
 43
20.0
 44
210.0
 45
297.0
 46
0.0
 47
0.0
 48
0.0
 49
0.0
140
0.0
141
0.0
142
1.0
143
0.6940033658
 70
   688
 72
     1
 73
     1
 74
     1
  7

 75
     0
147
1.4409152019
148
6.6653281673
149
23.1653281673
100
AcDbLayout
  1
_Left
 70
     1
 71
     5
 10
0.0
 20
0.0
 11
0.0
 21
0.0
 12
0.0
 22
0.0
 32
0.0
 14
0.0
 24
0.0
 34
0.0
 15
0.0
 25
0.0
 35
0.0
146
0.0
 13
0.0
 23
0.0
 33
0.0
 16
1.0
 26
0.0
 36
0.0
 17
0.0
 27
1.0
 37
0.0
 76
     0
330
1EE
331
4CF
  0
LAYOUT
  5
143
102
{ACAD_REACTORS
330
1A
102
}
330
1A
100
AcDbPlotSettings
  1

  2
none_device
  4
ISO_A4_(210.00_x_297.00_MM)
  6

 40
7.5
 41
20.0
 42
7.5
 43
20.0
 44
210.0
 45
297.0
 46
0.0
 47
0.0
 48
0.0
 49
0.0
140
0.0
141
0.0
142
1.0
143
0.6940033658
 70
   688
 72
     1
 73
     1
 74
     1
  7

 75
     0
147
1.4409152019
148
6.6653281673
149
23.1653281673
100
AcDbLayout
  1
_Right
 70
     1
 71
     3
 10
0.0
 20
0.0
 11
0.0
 21
0.0
 12
0.0
 22
0.0
 32
0.0
 14
0.0
 24
0.0
 34
0.0
 15
0.0
 25
0.0
 35
0.0
146
0.0
 13
0.0
 23
0.0
 33
0.0
 16
1.0
 26
0.0
 36
0.0
 17
0.0
 27
1.0
 37
0.0
 76
     0
330
142
331
4CB
  0
LAYOUT
  5
1E
102
{ACAD_REACTORS
330
1A
102
}
330
1A
100
AcDbPlotSettings
  1

  2
none_device
  4
ISO_A4_(210.00_x_297.00_MM)
  6

 40
7.5
 41
20.0
 42
7.5
 43
20.0
 44
210.0
 45
297.0
 46
0.0
 47
0.0
 48
0.0
 49
0.0
140
0.0
141
0.0
142
1.0
143
0.6940033658
 70
   688
 72
     1
 73
     1
 74
     1
  7

 75
     0
147
1.4409152019
148
6.6653281673
149
23.1653281673
100
AcDbLayout
  1
_Top
 70
     1
 71
     1
 10
-20.5453954836
 20
-28.3703534109
 11
185.5736041644
 21
117.3703534109
 12
0.0
 22
0.0
 32
0.0
 14
-6.6653281673
 24
-23.1653281673
 34
0.0
 15
128.6653281673
 25
112.1653281673
 35
0.0
146
0.0
 13
0.0
 23
0.0
 33
0.0
 16
1.0
 26
0.0
 36
0.0
 17
0.0
 27
1.0
 37
0.0
 76
     0
330
1B
331
4C7
  0
LAYOUT
  5
362
102
{ACAD_REACTORS
330
1A
102
}
330
1A
100
AcDbPlotSettings
  1

  2
none_device
  4
ISO_A4_(210.00_x_297.00_MM)
  6

 40
7.5
 41
20.0
 42
7.5
 43
20.0
 44
210.0
 45
297.0
 46
0.0
 47
0.0
 48
0.0
 49
0.0
140
0.0
141
0.0
142
1.0
143
0.6940033658
 70
   688
 72
     1
 73
     1
 74
     1
  7

 75
     0
147
1.4409152019
148
6.6653281673
149
23.1653281673
100
AcDbLayout
  1
_Trimetric
 70
     1
 71
     8
 10
0.0
 20
0.0
 11
0.0
 21
0.0
 12
0.0
 22
0.0
 32
0.0
 14
0.0
 24
0.0
 34
0.0
 15
0.0
 25
0.0
 35
0.0
146
0.0
 13
0.0
 23
0.0
 33
0.0
 16
1.0
 26
0.0
 36
0.0
 17
0.0
 27
1.0
 37
0.0
 76
     0
330
361
331
4D5
  0
LAYOUT
  5
22
102
{ACAD_REACTORS
330
1A
102
}
330
1A
100
AcDbPlotSettings
  1

  2
none_device
  4
ANSI_A_(11.00_x_8.50_Inches)
  6

 40
6.35
 41
19.05
 42
6.35000508
 43
19.05000254
 44
279.4
 45
215.9
 46
62.0495889143
 47
-17.97050127
 48
0.0
 49
0.0
140
0.0
141
0.0
142
0.0630809595
143
1.0
 70
  1696
 72
     0
 73
     0
 74
     0
  7

 75
     0
147
0.0179189148
148
-1300.4909072572
149
0.0
100
AcDbLayout
  1
Model
 70
     1
 71
     0
 10
0.0
 20
0.0
 11
420.0
 21
297.0
 12
0.0
 22
0.0
 32
0.0
 14
-23.1653281673
 24
0.0
 34
0.0
 15
112.1653281673
 25
133.4
 35
0.0
146
0.0
 13
0.0
 23
0.0
 33
0.0
 16
1.0
 26
0.0
 36
0.0
 17
0.0
 27
1.0
 37
0.0
 76
     0
330
1F
331
29
  0
MLINESTYLE
  5
18
102
{ACAD_REACTORS
330
17
102
}
330
17
100
AcDbMlineStyle
  2
Standard
 70
     0
  3

 62
   256
 51
90.0
 52
90.0
 71
     2
 49
0.5
 62
   256
  6
BYLAYER
 49
-0.5
 62
   256
  6
BYLAYER
  0
ACDBPLACEHOLDER
  5
F
102
{ACAD_REACTORS
330
E
102
}
330
E
  0
SCALE
  5
48
102
{ACAD_REACTORS
330
47
102
}
330
47
100
AcDbScale
 70
     0
300
1:1
140
1.0
141
1.0
290
     1
  0
SCALE
  5
49
102
{ACAD_REACTORS
330
47
102
}
330
47
100
AcDbScale
 70
     0
300
1:2
140
1.0
141
2.0
290
     0
  0
SCALE
  5
4A
102
{ACAD_REACTORS
330
47
102
}
330
47
100
AcDbScale
 70
     0
300
1:4
140
1.0
141
4.0
290
     0
  0
SCALE
  5
4B
102
{ACAD_REACTORS
330
47
102
}
330
47
100
AcDbScale
 70
     0
300
1:5
140
1.0
141
5.0
290
     0
  0
SCALE
  5
4C
102
{ACAD_REACTORS
330
47
102
}
330
47
100
AcDbScale
 70
     0
300
1:8
140
1.0
141
8.0
290
     0
  0
SCALE
  5
4D
102
{ACAD_REACTORS
330
47
102
}
330
47
100
AcDbScale
 70
     0
300
1:10
140
1.0
141
10.0
290
     0
  0
SCALE
  5
4E
102
{ACAD_REACTORS
330
47
102
}
330
47
100
AcDbScale
 70
     0
300
1:16
140
1.0
141
16.0
290
     0
  0
SCALE
  5
4F
102
{ACAD_REACTORS
330
47
102
}
330
47
100
AcDbScale
 70
     0
300
1:20
140
1.0
141
20.0
290
     0
  0
SCALE
  5
50
102
{ACAD_REACTORS
330
47
102
}
330
47
100
AcDbScale
 70
     0
300
1:30
140
1.0
141
30.0
290
     0
  0
SCALE
  5
51
102
{ACAD_REACTORS
330
47
102
}
330
47
100
AcDbScale
 70
     0
300
1:40
140
1.0
141
40.0
290
     0
  0
SCALE
  5
52
102
{ACAD_REACTORS
330
47
102
}
330
47
100
AcDbScale
 70
     0
300
1:50
140
1.0
141
50.0
290
     0
  0
SCALE
  5
53
102
{ACAD_REACTORS
330
47
102
}
330
47
100
AcDbScale
 70
     0
300
1:100
140
1.0
141
100.0
290
     0
  0
SCALE
  5
54
102
{ACAD_REACTORS
330
47
102
}
330
47
100
AcDbScale
 70
     0
300
2:1
140
2.0
141
1.0
290
     0
  0
SCALE
  5
55
102
{ACAD_REACTORS
330
47
102
}
330
47
100
AcDbScale
 70
     0
300
4:1
140
4.0
141
1.0
290
     0
  0
SCALE
  5
56
102
{ACAD_REACTORS
330
47
102
}
330
47
100
AcDbScale
 70
     0
300
8:1
140
8.0
141
1.0
290
     0
  0
SCALE
  5
57
102
{ACAD_REACTORS
330
47
102
}
330
47
100
AcDbScale
 70
     0
300
10:1
140
10.0
141
1.0
290
     0
  0
SCALE
  5
58
102
{ACAD_REACTORS
330
47
102
}
330
47
100
AcDbScale
 70
     0
300
100:1
140
100.0
141
1.0
290
     0
  0
ENDSEC
  0
EOF
